text,urgency,category
"slight forehead ache after stressful workday, relieved by rest",LOW,NonUrgent/SelfCare
feeling tired and mild headache from lack of sleep last night,LOW,NonUrgent/SelfCare
Patient reports red swollen tender rash spreading across lower leg that feels warm to the touch.,MEDIUM,Urgent/Physician_Consult
"fever of 39C that does not break with paracetamol, feeling very weak, since yesterday morning.",MEDIUM,Urgent/Physician_Consult
My father gasping for air and inhaler is not working at all.,HIGH,Emergency/Critical
"crushing chest pain radiating down my left arm and jaw, started 20 minutes ago.",HIGH,Emergency/Critical
Dealing with mild fatigue after working long hours this week.,LOW,NonUrgent/SelfCare
"anaphylactic shock symptoms, tongue swollen and cannot swallow, right now.",HIGH,Emergency/Critical
burning during urination with fever and moderate lower back ache,MEDIUM,Urgent/Physician_Consult
struggling to inhale and feeling dizzy from lack of oxygen,HIGH,Emergency/Critical
"intense squeezing pressure in my chest with cold sweats, right now.",HIGH,Emergency/Critical
slight stomac upset without any vomiting and without high fever,LOW,NonUrgent/SelfCare
small pimple on chin that is slightly tender,LOW,NonUrgent/SelfCare
Mild complaint: slight stomach upset without any vomiting and without high fever.,LOW,NonUrgent/SelfCare
Dealing with mild congestion in nose and occasional dry cough.,LOW,NonUrgent/SelfCare
mild bloating and gas after eating heavy meal with beans,LOW,NonUrgent/SelfCare
"crushing chest pain radiating down my left arm and jaw, started 20 minutes ago.",HIGH,Emergency/Critical
Dealing with mild sunburn on shoulders from being at the beach yesterday.,LOW,NonUrgent/SelfCare
spurting arterial bleeding from deep leg laceration that will not stop,HIGH,Emergency/Critical
My father profuse bleeding after head injury and losing consciousness.,HIGH,Emergency/Critical
"intense squeezing pressure in my chest with cold sweats, started 20 minutes ago.",HIGH,Emergency/Critical
My father allergic reaction to medication with full body hives and wheezing.,HIGH,Emergency/Critical
earache with thick yellow fluid draining from the ear canal,MEDIUM,Urgent/Physician_Consult
"Mild complaint: slight forehead ache after stressful workday, relieved by rest.",LOW,NonUrgent/SelfCare
throbbing migraine headache for 48 hours with severe sensitivity to light and vomiting,MEDIUM,Urgent/Physician_Consult
"earache with thick yellow fluid draining from the ear canal, for about 3 days now.",MEDIUM,Urgent/Physician_Consult
heart is racing at 160 bpm and I feel like passing out,HIGH,Emergency/Critical
Patient sharp chest pain with numbness in left fingers and sweating.,HIGH,Emergency/Critical
I have feeling tired and mild headache from lack of sleep last night.,LOW,NonUrgent/SelfCare
"severe allergic reaction, throat is swelling shut after peanut exposure, right now.",HIGH,Emergency/Critical
Just experiencing small paper cut on thumb that stopped bleeding immediately.,LOW,NonUrgent/SelfCare
Dealing with sore quadriceps and calf muscles after gym workout yesterday.,LOW,NonUrgent/SelfCare
earache with thick yellow fluid draining from the ear canal,MEDIUM,Urgent/Physician_Consult
mild tension headache after staring at computer screen all day,LOW,NonUrgent/SelfCare
persistent stomach cramping with diarrhea and nausea for over 36 hours,MEDIUM,Urgent/Physician_Consult
red swollen tender rash spreading across lower leg that feels warm to the touch,MEDIUM,Urgent/Physician_Consult
sudden worst headache of my life like a thunderclap,HIGH,Emergency/Critical
Patient reports red swollen tender rash spreading across lower leg that feels warm to the touch.,MEDIUM,Urgent/Physician_Consult
"fever of 39C that does not break with paracetamol, feeling very weak",MEDIUM,Urgent/Physician_Consult
"Mild complaint: felt a bit tired today, denies any breathing problems or heart palpitations.",LOW,NonUrgent/SelfCare
"common cold symptoms, stuffy nose and mild sneezing",LOW,NonUrgent/SelfCare
mild fatigue after working long hours this week,LOW,NonUrgent/SelfCare
severe chest pain like an elephant sitting on my chesst,HIGH,Emergency/Critical
"deep cut on index finger from kitchen knife that needs stitches to close, since yesterday morning.",MEDIUM,Urgent/Physician_Consult
"Patient reports fell down stairs and wrist is swollen, deformed and very painful to touch.",MEDIUM,Urgent/Physician_Consult
"high fever of 103F for three days with persistent shivering and body aches, for about 3 days now.",MEDIUM,Urgent/Physician_Consult
mild headache but no chest pain and no dizzines,LOW,NonUrgent/SelfCare
"deep cut on index finger from kitchen knife that needs stitches to close, since yesterday morning.",MEDIUM,Urgent/Physician_Consult
"mild tickle in throat, feeling a little run down but eating normally",LOW,NonUrgent/SelfCare
"felt a bit tired today, denies any breathing problems or heart palpitations",LOW,NonUrgent/SelfCare
slight stomach rumbling and mild loss of appetite today,LOW,NonUrgent/SelfCare
"fever of 39C that does not break with paracetamol, feeling very weak, for about 3 days now.",MEDIUM,Urgent/Physician_Consult
Patient reports sharp pain in lower right side of abdomen that hurts more when pressed.,MEDIUM,Urgent/Physician_Consult
"fell down stairs and wrist is swollen, deformed and very painful to touch, getting somewhat uncomfortable.",MEDIUM,Urgent/Physician_Consult
My mother severe chest pain like an elephant sitting on my chest.,HIGH,Emergency/Critical
"cannot go on, want to end my life right now, started 20 minutes ago.",HIGH,Emergency/Critical
"sudden heavy pressure on chest and cannot catch my breath, getting progressively worse.",HIGH,Emergency/Critical
sudden severe asthma attack with extreme wheezing and suffocation,HIGH,Emergency/Critical
"sudden loss of vision in both eyes and extreme confusion, for the last hour.",HIGH,Emergency/Critical
dry flaky itchy skin patches on elbows during dry winter weather,LOW,NonUrgent/SelfCare
I have mild sunburn on shoulders from being at the beach yesterday.,LOW,NonUrgent/SelfCare
"slight cough for two days, no shortness of breath, no fever",LOW,NonUrgent/SelfCare
mild congestion in nose and occasional dry cough,LOW,NonUrgent/SelfCare
minor bruise on shin from bumping into the coffee table,LOW,NonUrgent/SelfCare
"twisted ankle very badly while running, swollen and cannot put any weight on it",MEDIUM,Urgent/Physician_Consult
I am intense squeezing pressure in my chest with cold sweats.,HIGH,Emergency/Critical
I am uncontrolled bleeding from open wound after severe trauma.,HIGH,Emergency/Critical
slight indigestion and mild heartburn after drinking acidic coffee,LOW,NonUrgent/SelfCare
Dealing with minor bruise on shin from bumping into the coffee table.,LOW,NonUrgent/SelfCare
slight stomach rumbling and mild loss of appetite today,LOW,NonUrgent/SelfCare
I have mild hedache but no chest pain and no dizziness.,LOW,NonUrgent/SelfCare
"Patient reports fell down stairs and wrist is swollen, deformed and very painful to touch.",MEDIUM,Urgent/Physician_Consult
small paper cut on thumb that stopped bleeding immediately,LOW,NonUrgent/SelfCare
My mother sharp chest pain with numbness in left fingers and sweating.,HIGH,Emergency/Critical
Patient reports frequent painful urination and urine appears cloudy with pink tint.,MEDIUM,Urgent/Physician_Consult
Patient reports red swollen tender rash spreading across lower leg that feels warm to the touch.,MEDIUM,Urgent/Physician_Consult
"Note: mild constipation for one day, no severe pain or vomiting.",LOW,NonUrgent/SelfCare
"Mild complaint: minor knee soreness, no sweling no numbness, can walk easily.",LOW,NonUrgent/SelfCare
"allergic reaction to medication with full body hives and wheezing, right now.",HIGH,Emergency/Critical
"severe burning sensation in stomach accompanied by repeated vomiting, for about 3 days now.",MEDIUM,Urgent/Physician_Consult
slight stomach rumbling and mild loss of appetite today,LOW,NonUrgent/SelfCare
Note: minor bruise on shin from bumping into the coffee table.,LOW,NonUrgent/SelfCare
Patient severe chest pain like an elephant sitting on my chest.,HIGH,Emergency/Critical
"red swollen tender rash spreading across lower leg that feels warm to the touch, since yesterday morning.",MEDIUM,Urgent/Physician_Consult
Patient reports shivering chills with persistent temperature and severe sweating at night.,MEDIUM,Urgent/Physician_Consult
Patient reports sharp pain in lower right side of abdomen that hurts more when pressed.,MEDIUM,Urgent/Physician_Consult
"I am severe allergic reaction, throat is swelling shut after peanut exposure.",HIGH,Emergency/Critical
Patient reports intense vertigo and dizzines where room is spinning constantly when i turn head.,MEDIUM,Urgent/Physician_Consult
intense knee pain with swelling and locking after a sports injury,MEDIUM,Urgent/Physician_Consult
Patient reports deep chesty productive cough with thick yellow and green mucus for 4 days.,MEDIUM,Urgent/Physician_Consult
My husband cannot breathe and lips are turning blue.,HIGH,Emergency/Critical
slight indigestion and mild heartburn after drinking acidic coffee,LOW,NonUrgent/SelfCare
"fever of 39C that does not break with paracetamol, feeling very weak, for about 3 days now.",MEDIUM,Urgent/Physician_Consult
Patient reports blood sugar monitor reading 320 mg/dl with extreme thirst and frequent urination.,MEDIUM,Urgent/Physician_Consult
"severe shortness of breath, cannot speak full sentences",HIGH,Emergency/Critical
"slight cough for two days, no shortness of breath, no fever",LOW,NonUrgent/SelfCare
"minor knee soreness, no swelling, no numbness, can walk easily",LOW,NonUrgent/SelfCare
"mild constipation for one day, no severe pain or vomitting",LOW,NonUrgent/SelfCare
"I have mild tickle in throat, feeling a little run down but eating normally.",LOW,NonUrgent/SelfCare
struggling to inhale and feeling dizzy from lack of oxygen,HIGH,Emergency/Critical
Mild complaint: slight indigestion and mild heartburn after drinking acidic coffee.,LOW,NonUrgent/SelfCare
"intense vertigo and dizziness where room is spinning constantly when I turn head, for about 3 days now.",MEDIUM,Urgent/Physician_Consult
small pimple on chin that is slightly tender,LOW,NonUrgent/SelfCare
Mild complaint: mild headache but no chest pain and no dizziness.,LOW,NonUrgent/SelfCare
"throbbing migraine headache for 48 hours with severe sensitivity to light and vomiting, getting somewhat uncomfortable.",MEDIUM,Urgent/Physician_Consult
Mild complaint: mild runny nose and sneezing for 2 days with no fever.,LOW,NonUrgent/SelfCare
sudden central chesst tightness accompanied by severe dizziness,HIGH,Emergency/Critical
Patient reports throbbing migraine hedache for 48 hours with severe sensitivity to light and vomiting.,MEDIUM,Urgent/Physician_Consult
I am coughing up large amounts of bright red blood.,HIGH,Emergency/Critical
"sudden worst headache of my life like a thunderclap, started 20 minutes ago.",HIGH,Emergency/Critical
"throbbing migraine headache for 48 hours with severe sensitivity to light and vomiting, getting somewhat uncomfortable.",MEDIUM,Urgent/Physician_Consult
"anaphylactic shock symptoms, tongue swollen and cannot swallow",HIGH,Emergency/Critical
"mild constipation for one day, no severe pain or vomiting",LOW,NonUrgent/SelfCare
Patient reports throbbing migraine hedache for 48 hours with severe sensitivity to light and vomitting,MEDIUM,Urgent/Physician_Consult
I feeling completely overwhelmed and having active thoughts of suicide.,HIGH,Emergency/Critical
Patient reports high fever of 103f for three days with persistent shivering and body aches.,MEDIUM,Urgent/Physician_Consult
sore quadriceps and calf muscles after gym workout yesterday,LOW,NonUrgent/SelfCare
Note: small paper cut on thumb that stopped bleeding immediately.,LOW,NonUrgent/SelfCare
My husband crushing chest pain radiating down my left arm and jaw.,HIGH,Emergency/Critical
slight lower back soreness after doing yard work,LOW,NonUrgent/SelfCare
persistent stomach cramping with diarrhea and nausea for over 36 hours,MEDIUM,Urgent/Physician_Consult
"moderate abdominal pain after eating fatty foods with nausea, since yesterday morning.",MEDIUM,Urgent/Physician_Consult
Patient reports blood sugar monitor reading 320 mg/dl with extreme thirst and frequent urination.,MEDIUM,Urgent/Physician_Consult
Patient reports persistent stomach cramping with diarrhea and nausia for over 36 hours.,MEDIUM,Urgent/Physician_Consult
slight stomach upset without any vomitting and without high fever,LOW,NonUrgent/SelfCare
"severe alergic reaction, throat is swelling shut after peanut exposure, getting progressively worse.",HIGH,Emergency/Critical
"minor knee soreness, no swelling, no numbness, can walk easily",LOW,NonUrgent/SelfCare
Patient reports earache with thick yellow fluid draining from the ear canal.,MEDIUM,Urgent/Physician_Consult
Just experiencing mild sunburn on shoulders from being at the beach yesterday.,LOW,NonUrgent/SelfCare
sharp pain in lower right side of abdomen that hurts more when pressed,MEDIUM,Urgent/Physician_Consult
"fell down stairs and wrist is swollen, deformed and very painful to touch",MEDIUM,Urgent/Physician_Consult
Patient gasping for air and inhaler is not working at all.,HIGH,Emergency/Critical
Just experiencing slight dry scratchy throat and clear nasal discharge.,LOW,NonUrgent/SelfCare
intense squeezing pressure in my chest with cold sweats,HIGH,Emergency/Critical
"severe allergic reaction, throat is swelling shut after peanut exposure",HIGH,Emergency/Critical
"allergic reaction to medication with full body hives and wheezing, right now.",HIGH,Emergency/Critical
high fever of 103F for three days with persistent shivering and body aches,MEDIUM,Urgent/Physician_Consult
"face is drooping on the right side and speech is completely slurred, started 20 minutes ago.",HIGH,Emergency/Critical
slight indigestion and mild heartburn after drinking acidic coffee,LOW,NonUrgent/SelfCare
"severe allergic reaction, throat is sweling shut after peanut exposure",HIGH,Emergency/Critical
sudden worst hedache of my life like a thunderclap,HIGH,Emergency/Critical
"sharp chest pain with numbness in left fingers and sweating, happened suddenly.",HIGH,Emergency/Critical
Patient reports sharp pain in lower right side of abdomen that hurts more when pressed.,MEDIUM,Urgent/Physician_Consult
Patient reports burning during urination with fever and moderate lower back ache.,MEDIUM,Urgent/Physician_Consult
choking sensation and throat feels like it is closing completely,HIGH,Emergency/Critical
mild headache but no chesst pain and no dizziness,LOW,NonUrgent/SelfCare
blood sugar monitor reading 320 mg/dL with extreme thirst and frequent urination,MEDIUM,Urgent/Physician_Consult
profuse bleeding after head injury and losing consciousness,HIGH,Emergency/Critical
sudden loss of vision in both eyes and extreme confusion,HIGH,Emergency/Critical
Patient reports red swollen tender rash spreading across lower leg that feels warm to the touch.,MEDIUM,Urgent/Physician_Consult
"sudden worst hedache of my life like a thunderclap, getting progressively worse.",HIGH,Emergency/Critical
slight stomach upset without any vomiting and without high fever,LOW,NonUrgent/SelfCare
Patient spurting arterial bleeding from deep leg laceration that will not stop.,HIGH,Emergency/Critical
"allergic reaction to medication with full body hives and wheezing, getting progressively worse.",HIGH,Emergency/Critical
small pimple on chin that is slightly tender,LOW,NonUrgent/SelfCare
Just experiencing slight indigestion and mild heartburn after drinking acidic coffee.,LOW,NonUrgent/SelfCare
Patient reports deep cut on index finger from kitchen knife that needs stitches to close.,MEDIUM,Urgent/Physician_Consult
"slight cough for two days, no shortness of breath, no fevr",LOW,NonUrgent/SelfCare
sore quadriceps and calf muscles after gym workout yesterday,LOW,NonUrgent/SelfCare
"allergic reaction to medication with full body hives and wheezing, getting progressively worse.",HIGH,Emergency/Critical
mild neck stiffness from sleeping in an awkward position,LOW,NonUrgent/SelfCare
feeling completely overwhelmed and having active thoughts of suicide,HIGH,Emergency/Critical
Patient reports frequent painful urination and urine appears cloudy with pink tint.,MEDIUM,Urgent/Physician_Consult
"severe shortness of breath, cannot speak full sentences",HIGH,Emergency/Critical
Patient reports persistent stomach cramping with diarrhea and nausea for over 36 hours.,MEDIUM,Urgent/Physician_Consult
"Patient reports fevr of 39c that does not break with paracetamol, feeling very weak.",MEDIUM,Urgent/Physician_Consult
minor ache in shoulder after carrying heavy groceries,LOW,NonUrgent/SelfCare
I have small paper cut on thumb that stopped bleeding immediately.,LOW,NonUrgent/SelfCare
sharp pain in lower right side of abdomen that hurts more when pressed,MEDIUM,Urgent/Physician_Consult
I have mild bloating and gas after eating heavy meal with beans.,LOW,NonUrgent/SelfCare
"deep chesty productive cough with thick yellow and green mucus for 4 days, getting somewhat uncomfortable.",MEDIUM,Urgent/Physician_Consult
mild tension headache after staring at computer screen all day,LOW,NonUrgent/SelfCare
intense squeezing pressure in my chest with cold sweats,HIGH,Emergency/Critical
My husband vomiting dark blood and severe black tarry stools.,HIGH,Emergency/Critical
having continuous seizures and shaking uncontrollably for 5 minutes,HIGH,Emergency/Critical
frequent painful urination and urine appears cloudy with pink tint,MEDIUM,Urgent/Physician_Consult
"fever of 39C that does not break with paracetamol, feeling very weak, for about 3 days now.",MEDIUM,Urgent/Physician_Consult
Patient reports shivering chills with persistent temperature and severe sweating at night.,MEDIUM,Urgent/Physician_Consult
high fevr of 103F for three days with persistent shivering and body aches,MEDIUM,Urgent/Physician_Consult
"Note: minor knee soreness, no swelling, no numbness, can walk easily.",LOW,NonUrgent/SelfCare
sudden loss of vision in both eyes and extreme confusion,HIGH,Emergency/Critical
intense knee pain with sweling and locking after a sports injury,MEDIUM,Urgent/Physician_Consult
"intense vertigo and dizziness where room is spinning constantly when I turn head, for about 3 days now.",MEDIUM,Urgent/Physician_Consult
My father allergic reaction to medication with full body hives and wheezing.,HIGH,Emergency/Critical
Just experiencing mild neck stiffness from sleeping in an awkward position.,LOW,NonUrgent/SelfCare
"common cold symptoms, stuffy nose and mild sneezing",LOW,NonUrgent/SelfCare
"severe chest pain like an elephant sitting on my chest, for the last hour.",HIGH,Emergency/Critical
"fever of 39C that does not break with paracetamol, feeling very weak, getting somewhat uncomfortable.",MEDIUM,Urgent/Physician_Consult
mild sunburn on shoulders from being at the beach yesterday,LOW,NonUrgent/SelfCare
"intense knee pain with sweling and locking after a sports injury, getting somewhat uncomfortable.",MEDIUM,Urgent/Physician_Consult
Patient reports deep chesty productive cough with thick yellow and green mucus for 4 days.,MEDIUM,Urgent/Physician_Consult
"throbbing migraine headache for 48 hours with severe sensitivity to light and vomiting, for about 3 days now.",MEDIUM,Urgent/Physician_Consult
Just experiencing mild sunburn on shoulders from being at the beach yesterday.,LOW,NonUrgent/SelfCare
mild neck stiffness from sleeping in an awkward position,LOW,NonUrgent/SelfCare
Patient sudden heavy pressure on chesst and cannot catch my breath.,HIGH,Emergency/Critical
Patient reports frequent painful urination and urine appears cloudy with pink tint.,MEDIUM,Urgent/Physician_Consult
Patient reports sharp pain in lower right side of abdomen that hurts more when pressed.,MEDIUM,Urgent/Physician_Consult
minor bruise on shin from bumping into the coffee table,LOW,NonUrgent/SelfCare
earache with thick yellow fluid draining from the ear canal,MEDIUM,Urgent/Physician_Consult
My father gasping for air and inhaler is not working at all.,HIGH,Emergency/Critical
"My mother cannot go on, want to end my life right now.",HIGH,Emergency/Critical
slight lower back soreness after doing yard work,LOW,NonUrgent/SelfCare
slight indigestion and mild heartburn after drinking acidic coffee,LOW,NonUrgent/SelfCare
"severe shortness of breath, cannot speak full sentences",HIGH,Emergency/Critical
"sudden severe asthma attack with extreme wheezing and suffocation, getting progressively worse.",HIGH,Emergency/Critical
Patient reports intense knee pain with sweling and locking after a sports injury.,MEDIUM,Urgent/Physician_Consult
"sharp chesst pain with numbness in left fingers and sweating, happened suddenly.",HIGH,Emergency/Critical
I am cannot breathe and lips are turning blue.,HIGH,Emergency/Critical
"fever of 39C that does not break with paracetamol, feeling very weak",MEDIUM,Urgent/Physician_Consult
profuse bleeding after head injury and losing consciousness,HIGH,Emergency/Critical
"collapsed to the floor and passed out cold for 2 minutes, for the last hour.",HIGH,Emergency/Critical
"Mild complaint: mild tickle in throat, feeling a little run down but eating normally.",LOW,NonUrgent/SelfCare
Patient reports blood sugar monitor reading 320 mg/dl with extreme thirst and frequent urination.,MEDIUM,Urgent/Physician_Consult
"twisted ankle very badly while running, swollen and cannot put any weight on it",MEDIUM,Urgent/Physician_Consult
intense flank pain radiating to groin when passing urine,MEDIUM,Urgent/Physician_Consult
Mild complaint: dry flaky itchy skin patches on elbows during dry winter weather.,LOW,NonUrgent/SelfCare
sharp chest pain with numbness in left fingers and sweating,HIGH,Emergency/Critical
intense flank pain radiating to groin when passing urine,MEDIUM,Urgent/Physician_Consult
"mild tickle in throat, feeling a little run down but eating normally",LOW,NonUrgent/SelfCare
"struggling to inhale and feeling dizzy from lack of oxygen, happened suddenly.",HIGH,Emergency/Critical
high fever of 103F for three days with persistent shivering and body aches,MEDIUM,Urgent/Physician_Consult
"mild constipation for one day, no severe pain or vomitting",LOW,NonUrgent/SelfCare
slight lower back soreness after doing yard work,LOW,NonUrgent/SelfCare
Patient reports blood sugar monitor reading 320 mg/dl with extreme thirst and frequent urination.,MEDIUM,Urgent/Physician_Consult
I am severe chest pain like an elephant sitting on my chest.,HIGH,Emergency/Critical
mild runny nose and sneezing for 2 days with no fevr,LOW,NonUrgent/SelfCare
Patient profuse bleeding after head injury and losing consciousness.,HIGH,Emergency/Critical
collapsed to the floor and passed out cold for 2 minutes,HIGH,Emergency/Critical
"having continuous seizures and shaking uncontrollably for 5 minutes, right now.",HIGH,Emergency/Critical
severe chest pain like an elephant sitting on my chesst for the last hour.,HIGH,Emergency/Critical
mild runny nose and sneezing for 2 days with no fever,LOW,NonUrgent/SelfCare
I have minor ache in shoulder after carrying heavy groceries.,LOW,NonUrgent/SelfCare
Mild complaint: slight dry scratchy throat and clear nasal discharge.,LOW,NonUrgent/SelfCare
vomitting dark blood and severe black tarry stools,HIGH,Emergency/Critical
Note: small paper cut on thumb that stopped bleeding immediately.,LOW,NonUrgent/SelfCare
Note: sore quadriceps and calf muscles after gym workout yesterday.,LOW,NonUrgent/SelfCare
Patient reports intense vertigo and dizziness where room is spinning constantly when i turn head.,MEDIUM,Urgent/Physician_Consult
blood sugar monitor reading 320 mg/dL with extreme thirst and frequent urination,MEDIUM,Urgent/Physician_Consult
minor ache in shoulder after carrying heavy groceries,LOW,NonUrgent/SelfCare
Patient reports high fevr of 103f for three days with persistent shivering and body aches.,MEDIUM,Urgent/Physician_Consult
minor bruise on shin from bumping into the coffee table,LOW,NonUrgent/SelfCare
"slight cough for two days, no shortness of breath, no fever",LOW,NonUrgent/SelfCare
I have mild tension headache after staring at computer screen all day.,LOW,NonUrgent/SelfCare
"alergic reaction to medication with full body hives and wheezing, started 20 minutes ago.",HIGH,Emergency/Critical
mild fatigue after working long hours this week,LOW,NonUrgent/SelfCare
slight stomach upset without any vomitting and without high fevr,LOW,NonUrgent/SelfCare
allergic reaction to medication with full body hives and wheezing,HIGH,Emergency/Critical
"anaphylactic shock symptoms, tongue swollen and cannot swallow",HIGH,Emergency/Critical
Mild complaint: slight dry scratchy throat and clear nasal discharge.,LOW,NonUrgent/SelfCare
"Patient reports fell down stairs and wrist is swollen, deformed and very painful to touch.",MEDIUM,Urgent/Physician_Consult
"intense flank pain radiating to groin when passing urine, for about 3 days now.",MEDIUM,Urgent/Physician_Consult
face is drooping on the right side and speech is completely slurred,HIGH,Emergency/Critical
"fell down stairs and wrist is swollen, deformed and very painful to touch, for about 3 days now.",MEDIUM,Urgent/Physician_Consult
mild sunburn on shoulders from being at the beach yesterday,LOW,NonUrgent/SelfCare
"sudden worst headache of my life like a thunderclap, happened suddenly.",HIGH,Emergency/Critical
"spurting arterial bleeding from deep leg laceration that will not stop, started 20 minutes ago.",HIGH,Emergency/Critical
"mild constipation for one day, no severe pain or vomiting",LOW,NonUrgent/SelfCare
Patient sudden loss of vision in both eyes and extreme confusion.,HIGH,Emergency/Critical
allergic reaction to medication with full body hives and wheezing,HIGH,Emergency/Critical
Suddenly I choking sensation and throat feels like it is closing completely.,HIGH,Emergency/Critical
"sudden paralysis in right arm and unable to move my leg, getting progressively worse.",HIGH,Emergency/Critical
"collapsed to the floor and passed out cold for 2 minutes, started 20 minutes ago.",HIGH,Emergency/Critical
intense squeezing pressure in my chest with cold sweats,HIGH,Emergency/Critical
burning during urination with fever and moderate lower back ache,MEDIUM,Urgent/Physician_Consult
Just experiencing slight dry scratchy throat and clear nasal discharge.,LOW,NonUrgent/SelfCare
slight dry scratchy throat and clear nasal discharge,LOW,NonUrgent/SelfCare
Note: mild fatigue after working long hours this week.,LOW,NonUrgent/SelfCare
"sudden central chest tightness accompanied by severe dizziness, started 20 minutes ago.",HIGH,Emergency/Critical
vomiting dark blood and severe black tarry stools,HIGH,Emergency/Critical
"sharp pain in lower right side of abdomen that hurts more when pressed, for about 3 days now.",MEDIUM,Urgent/Physician_Consult
intense flank pain radiating to groin when passing urine,MEDIUM,Urgent/Physician_Consult
persistent stomach cramping with diarrhea and nausea for over 36 hours,MEDIUM,Urgent/Physician_Consult
"vomiting dark blood and severe black tarry stools, right now.",HIGH,Emergency/Critical
Just experiencing slight stomach upset without any vomiting and without high fevr,LOW,NonUrgent/SelfCare
Dealing with mild runny nose and sneezing for 2 days with no fever.,LOW,NonUrgent/SelfCare
small pimple on chin that is slightly tender,LOW,NonUrgent/SelfCare
cannot breathe and lips are turning blue,HIGH,Emergency/Critical
choking sensation and throat feels like it is closing completely,HIGH,Emergency/Critical
mild runny nose and sneezing for 2 days with no fever,LOW,NonUrgent/SelfCare
Patient reports blood sugar monitor reading 320 mg/dl with extreme thirst and frequent urination.,MEDIUM,Urgent/Physician_Consult
sudden paralysis in right arm and unable to move my leg,HIGH,Emergency/Critical
slight stomac upset without any vomiting and without high fevr,LOW,NonUrgent/SelfCare
having continuous seizures and shaking uncontrollably for 5 minutes,HIGH,Emergency/Critical
blood sugar monitor reading 320 mg/dL with extreme thirst and frequent urination,MEDIUM,Urgent/Physician_Consult
Patient reports burning during urination with fever and moderate lower back ache.,MEDIUM,Urgent/Physician_Consult
My father cannot breathe and lips are turning blue.,HIGH,Emergency/Critical
deep chesty productive coughh with thick yellow and green mucus for 4 days,MEDIUM,Urgent/Physician_Consult
"felt a bit tired today, denies any breathing problems or heart palpitations",LOW,NonUrgent/SelfCare
slight stomach rumbling and mild loss of appetite today,LOW,NonUrgent/SelfCare
coughing up large amounts of bright red blood,HIGH,Emergency/Critical
mild congestion in nose and occasional dry cough,LOW,NonUrgent/SelfCare
"My husband anaphylactic shock symptoms, tongue swollen and cannot swallow.",HIGH,Emergency/Critical
sharp pain in lower right side of abdomen that hurts more when pressed,MEDIUM,Urgent/Physician_Consult
Suddenly I gasping for air and inhaler is not working at all.,HIGH,Emergency/Critical
dry flaky itchy skin patches on elbows during dry winter weather,LOW,NonUrgent/SelfCare
Patient reports throbbing migraine headache for 48 hours with severe sensitivity to light and vomiting.,MEDIUM,Urgent/Physician_Consult
dry flaky itchy skin patches on elbows during dry winter weather,LOW,NonUrgent/SelfCare
I sharp chest pain with numbness in left fingers and sweating.,HIGH,Emergency/Critical
"Patient reports fell down stairs and wrist is swollen, deformed and very painful to touch.",MEDIUM,Urgent/Physician_Consult
Patient reports intense flank pain radiating to groin when passing urine.,MEDIUM,Urgent/Physician_Consult
"feeling completely overwhelmed and having active thoughts of suicide, happened suddenly.",HIGH,Emergency/Critical
slight stomach upset without any vomiting and without high fevr,LOW,NonUrgent/SelfCare
"sudden loss of vision in both eyes and extreme confusion, started 20 minutes ago.",HIGH,Emergency/Critical
blood sugar monitor reading 320 mg/dL with extreme thirst and frequent urination,MEDIUM,Urgent/Physician_Consult
My wife sharp chesst pain with numbness in left fingers and sweating.,HIGH,Emergency/Critical
minor ache in shoulder after carrying heavy groceries,LOW,NonUrgent/SelfCare
severe chest pain like an elephant sitting on my chest,HIGH,Emergency/Critical
"slight cough for two days, no shortness of breath, no fever",LOW,NonUrgent/SelfCare
Mild complaint: small pimple on chin that is slightly tender.,LOW,NonUrgent/SelfCare
My wife having continuous seizures and shaking uncontrollably for 5 minutes.,HIGH,Emergency/Critical
Patient reports high fevr of 103f for three days with persistent shivering and body aches.,MEDIUM,Urgent/Physician_Consult
sore quadriceps and calf muscles after gym workout yesterday,LOW,NonUrgent/SelfCare
"heart is racing at 160 bpm and I feel like passing out, right now.",HIGH,Emergency/Critical
mild sunburn on shoulders from being at the beach yesterday,LOW,NonUrgent/SelfCare
feeling tired and mild headache from lack of sleep last night,LOW,NonUrgent/SelfCare
feeling tired and mild headache from lack of sleep last night,LOW,NonUrgent/SelfCare
slight lower back soreness after doing yard work,LOW,NonUrgent/SelfCare
Patient reports sharp pain in lower right side of abdomen that hurts more when pressed.,MEDIUM,Urgent/Physician_Consult
"I am severe allergic reaction, throat is sweling shut after peanut exposure.",HIGH,Emergency/Critical
Patient reports intense vertigo and dizziness where room is spinning constantly when i turn head.,MEDIUM,Urgent/Physician_Consult
mild bloating and gas after eating heavy meal with beans,LOW,NonUrgent/SelfCare
My wife coughing up large amounts of bright red blood.,HIGH,Emergency/Critical
I sudden worst hedache of my life like a thunderclap.,HIGH,Emergency/Critical
mild congestion in nose and occasional dry cough,LOW,NonUrgent/SelfCare
spurting arterial bleeding from deep leg laceration that will not stop,HIGH,Emergency/Critical
red swollen tender rash spreading across lower leg that feels warm to the touch,MEDIUM,Urgent/Physician_Consult
"My wife severe shortness of breath, cannot speak full sentences.",HIGH,Emergency/Critical
My mother profuse bleeding after head injury and losing consciousness.,HIGH,Emergency/Critical
"feeling completely overwhelmed and having active thoughts of suicide, happened suddenly.",HIGH,Emergency/Critical
"sharp chest pain with numbness in left fingers and sweating, happened suddenly.",HIGH,Emergency/Critical
My mother coughing up large amounts of bright red blood.,HIGH,Emergency/Critical
"Note: slight cough for two days, no shortness of breath, no fever.",LOW,NonUrgent/SelfCare
mild headache but no chest pain and no dizziness,LOW,NonUrgent/SelfCare
spurting arterial bleeding from deep leg laceration that will not stop,HIGH,Emergency/Critical
severe burning sensation in stomach accompanied by repeated vomiting,MEDIUM,Urgent/Physician_Consult
"having continuous seizures and shaking uncontrollably for 5 minutes, started 20 minutes ago.",HIGH,Emergency/Critical
Patient reports moderate abdominal pain after eating fatty foods with nausea.,MEDIUM,Urgent/Physician_Consult
"cannot breathe and lips are turning blue, for the last hour.",HIGH,Emergency/Critical
minor bruise on shin from bumping into the coffee table,LOW,NonUrgent/SelfCare
My wife allergic reaction to medication with full body hives and wheezing.,HIGH,Emergency/Critical
mild sunburn on shoulders from being at the beach yesterday,LOW,NonUrgent/SelfCare
"gasping for air and inhaler is not working at all, happened suddenly.",HIGH,Emergency/Critical
"vomiting dark blood and severe black tarry stools, getting progressively worse.",HIGH,Emergency/Critical
"minor knee soreness, no swelling, no numbness, can walk easily",LOW,NonUrgent/SelfCare
profuse bleeding after head injury and losing consciousness,HIGH,Emergency/Critical
Just experiencing feeling tired and mild headache from lack of sleep last night.,LOW,NonUrgent/SelfCare
Patient reports throbbing migraine headache for 48 hours with severe sensitivity to light and vomitting,MEDIUM,Urgent/Physician_Consult
"sudden central chest tightness accompanied by severe dizziness, happened suddenly.",HIGH,Emergency/Critical
Just experiencing minor ache in shoulder after carrying heavy groceries.,LOW,NonUrgent/SelfCare
deep chesty productive cough with thick yellow and green mucus for 4 days,MEDIUM,Urgent/Physician_Consult
Patient reports severe burning sensation in stomac accompanied by repeated vomitting,MEDIUM,Urgent/Physician_Consult
"twisted ankle very badly while running, swollen and cannot put any weight on it",MEDIUM,Urgent/Physician_Consult
slight lower back soreness after doing yard work,LOW,NonUrgent/SelfCare
slight stomach rumbling and mild loss of appetite today,LOW,NonUrgent/SelfCare
sore quadriceps and calf muscles after gym workout yesterday,LOW,NonUrgent/SelfCare
"fell down stairs and wrist is swollen, deformed and very painful to touch",MEDIUM,Urgent/Physician_Consult
"fell down stairs and wrist is swollen, deformed and very painful to touch",MEDIUM,Urgent/Physician_Consult
sudden loss of vision in both eyes and extreme confusion,HIGH,Emergency/Critical
"throbbing migraine headache for 48 hours with severe sensitivity to light and vomiting, getting somewhat uncomfortable.",MEDIUM,Urgent/Physician_Consult
Note: slight dry scratchy throat and clear nasal discharge.,LOW,NonUrgent/SelfCare
minor bruise on shin from bumping into the coffee table,LOW,NonUrgent/SelfCare
"face is drooping on the right side and speech is completely slurred, started 20 minutes ago.",HIGH,Emergency/Critical
shivering chills with persistent temperature and severe sweating at night,MEDIUM,Urgent/Physician_Consult
I profuse bleeding after head injury and losing consciousness.,HIGH,Emergency/Critical
Patient reports persistent stomach cramping with diarrhea and nausea for over 36 hours.,MEDIUM,Urgent/Physician_Consult
"slight forehead ache after stressful workday, relieved by rest",LOW,NonUrgent/SelfCare
"severe shortness of breath, cannot speak full sentences, started 20 minutes ago.",HIGH,Emergency/Critical
high fever of 103F for three days with persistent shivering and body aches,MEDIUM,Urgent/Physician_Consult
choking sensation and throat feels like it is closing completely,HIGH,Emergency/Critical
I heart is racing at 160 bpm and I feel like passing out.,HIGH,Emergency/Critical
"sharp pain in lower right side of abdomen that hurts more when pressed, since yesterday morning.",MEDIUM,Urgent/Physician_Consult
My wife collapsed to the floor and passed out cold for 2 minutes.,HIGH,Emergency/Critical
Patient reports sharp pain in lower right side of abdomen that hurts more when pressed.,MEDIUM,Urgent/Physician_Consult
"allergic reaction to medication with full body hives and wheezing, for the last hour.",HIGH,Emergency/Critical
"burning during urination with fevr and moderate lower back ache, for the past 2 days.",MEDIUM,Urgent/Physician_Consult
sudden loss of vision in both eyes and extreme confusion,HIGH,Emergency/Critical
Patient reports deep chesty productive cough with thick yellow and green mucus for 4 days.,MEDIUM,Urgent/Physician_Consult
I am heart is racing at 160 bpm and I feel like passing out.,HIGH,Emergency/Critical
My father sudden central chest tightness accompanied by severe dizziness.,HIGH,Emergency/Critical
"uncontrolled bleeding from open wound after severe trauma, right now.",HIGH,Emergency/Critical
crushing chest pain radiating down my left arm and jaw,HIGH,Emergency/Critical
heart is racing at 160 bpm and I feel like passing out,HIGH,Emergency/Critical
My husband sudden central chesst tightness accompanied by severe dizziness.,HIGH,Emergency/Critical
slight indigestion and mild heartburn after drinking acidic coffee,LOW,NonUrgent/SelfCare
minor bruise on shin from bumping into the coffee table,LOW,NonUrgent/SelfCare
choking sensation and throat feels like it is closing completely,HIGH,Emergency/Critical
"anaphylactic shock symptoms, tongue swollen and cannot swallow",HIGH,Emergency/Critical
Patient reports intense flank pain radiating to groin when passing urine.,MEDIUM,Urgent/Physician_Consult
intense knee pain with sweling and locking after a sports injury,MEDIUM,Urgent/Physician_Consult
slight stomach upset without any vomiting and without high fever,LOW,NonUrgent/SelfCare
"red swollen tender rash spreading across lower leg that feels warm to the touch, since yesterday morning.",MEDIUM,Urgent/Physician_Consult
"severe chest pain like an elephant sitting on my chest, started 20 minutes ago.",HIGH,Emergency/Critical
"mild tickle in throat, feeling a little run down but eating normally",LOW,NonUrgent/SelfCare
feeling tired and mild headache from lack of sleep last night,LOW,NonUrgent/SelfCare
intense flank pain radiating to groin when passing urine,MEDIUM,Urgent/Physician_Consult
mild bloating and gas after eating heavy meal with beans,LOW,NonUrgent/SelfCare
mild tension headache after staring at computer screen all day,LOW,NonUrgent/SelfCare
slight stomach rumbling and mild loss of appetite today,LOW,NonUrgent/SelfCare
feeling completely overwhelmed and having active thoughts of suicide,HIGH,Emergency/Critical
allergic reaction to medication with full body hives and wheezing,HIGH,Emergency/Critical
I am vomiting dark blood and severe black tarry stools.,HIGH,Emergency/Critical
Patient reports earache with thick yellow fluid draining from the ear canal.,MEDIUM,Urgent/Physician_Consult
"fever of 39C that does not break with paracetamol, feeling very weak",MEDIUM,Urgent/Physician_Consult
Patient reports shivering chills with persistent temperature and severe sweating at night.,MEDIUM,Urgent/Physician_Consult
"minor knee soreness, no swelling, no numbness, can walk easily",LOW,NonUrgent/SelfCare
I gasping for air and inhaler is not working at all.,HIGH,Emergency/Critical
Note: mild runny nose and sneezing for 2 days with no fever.,LOW,NonUrgent/SelfCare
"uncontrolled bleeding from open wound after severe trauma, getting progressively worse.",HIGH,Emergency/Critical
My husband feeling completely overwhelmed and having active thoughts of suicide.,HIGH,Emergency/Critical
"Patient reports twisted ankle very badly while running, swollen and cannot put any weight on it.",MEDIUM,Urgent/Physician_Consult
feeling tired and mild headache from lack of sleep last night,LOW,NonUrgent/SelfCare
"slight forehead ache after stressful workday, relieved by rest",LOW,NonUrgent/SelfCare
My mother sudden loss of vision in both eyes and extreme confusion.,HIGH,Emergency/Critical
severe burning sensation in stomach accompanied by repeated vomiting,MEDIUM,Urgent/Physician_Consult
slight stomach rumbling and mild loss of appetite today,LOW,NonUrgent/SelfCare
Patient reports red swollen tender rash spreading across lower leg that feels warm to the touch.,MEDIUM,Urgent/Physician_Consult
spurting arterial bleeding from deep leg laceration that will not stop,HIGH,Emergency/Critical
Patient reports deep chesty productive cough with thick yellow and green mucus for 4 days.,MEDIUM,Urgent/Physician_Consult
minor ache in shoulder after carrying heavy groceries,LOW,NonUrgent/SelfCare
"mild tickle in throat, feeling a little run down but eating normally",LOW,NonUrgent/SelfCare
vomitting dark blood and severe black tarry stools,HIGH,Emergency/Critical
"sudden severe asthma attack with extreme wheezing and suffocation, started 20 minutes ago.",HIGH,Emergency/Critical
"frequent painful urination and urine appears cloudy with pink tint, getting somewhat uncomfortable.",MEDIUM,Urgent/Physician_Consult
"cannot go on, want to end my life right now",HIGH,Emergency/Critical
Patient reports intense vertigo and dizziness where room is spinning constantly when i turn head.,MEDIUM,Urgent/Physician_Consult
I have mild fatigue after working long hours this week.,LOW,NonUrgent/SelfCare
Patient reports intense flank pain radiating to groin when passing urine.,MEDIUM,Urgent/Physician_Consult
intense knee pain with sweling and locking after a sports injury,MEDIUM,Urgent/Physician_Consult
moderate abdominal pain after eating fatty foods with nausia,MEDIUM,Urgent/Physician_Consult
shivering chills with persistent temperature and severe sweating at night,MEDIUM,Urgent/Physician_Consult
blood sugar monitor reading 320 mg/dL with extreme thirst and frequent urination,MEDIUM,Urgent/Physician_Consult
alergic reaction to medication with full body hives and wheezing,HIGH,Emergency/Critical
My husband allergic reaction to medication with full body hives and wheezing.,HIGH,Emergency/Critical
"persistent stomac cramping with diarrhea and nausea for over 36 hours, for the past 2 days.",MEDIUM,Urgent/Physician_Consult
minor ache in shoulder after carrying heavy groceries,LOW,NonUrgent/SelfCare
Note: minor bruise on shin from bumping into the coffee table.,LOW,NonUrgent/SelfCare
"coughing up large amounts of bright red blood, right now.",HIGH,Emergency/Critical
gasping for air and inhaler is not working at all,HIGH,Emergency/Critical
"face is drooping on the right side and speech is completely slurred, happened suddenly.",HIGH,Emergency/Critical
Patient reports high fever of 103f for three days with persistent shivering and body aches.,MEDIUM,Urgent/Physician_Consult
Mild complaint: small paper cut on thumb that stopped bleeding immediately.,LOW,NonUrgent/SelfCare
uncontrolled bleeding from open wound after severe trauma,HIGH,Emergency/Critical
"cannot go on, want to end my life right now",HIGH,Emergency/Critical
Suddenly I spurting arterial bleeding from deep leg laceration that will not stop.,HIGH,Emergency/Critical
My mother sudden central chest tightness accompanied by severe dizziness.,HIGH,Emergency/Critical
struggling to inhale and feeling dizzy from lack of oxygen,HIGH,Emergency/Critical
Patient reports sharp pain in lower right side of abdomen that hurts more when pressed.,MEDIUM,Urgent/Physician_Consult
slight stomach upset without any vomitting and without high fever,LOW,NonUrgent/SelfCare
"Mild complaint: slight forehead ache after stressful workday, relieved by rest.",LOW,NonUrgent/SelfCare
"feeling completely overwhelmed and having active thoughts of suicide, getting progressively worse.",HIGH,Emergency/Critical
Note: minor ache in shoulder after carrying heavy groceries.,LOW,NonUrgent/SelfCare
mild congestion in nose and occasional dry cough,LOW,NonUrgent/SelfCare
mild headache but no chesst pain and no dizziness,LOW,NonUrgent/SelfCare
high fevr of 103F for three days with persistent shivering and body aches,MEDIUM,Urgent/Physician_Consult
Patient severe chest pain like an elephant sitting on my chest.,HIGH,Emergency/Critical
profuse bleeding after head injury and losing consciousness,HIGH,Emergency/Critical
My wife coughing up large amounts of bright red blood.,HIGH,Emergency/Critical
mild congestion in nose and occasional dry cough,LOW,NonUrgent/SelfCare
My wife profuse bleeding after head injury and losing consciousness.,HIGH,Emergency/Critical
heart is racing at 160 bpm and I feel like passing out,HIGH,Emergency/Critical
sudden central chest tightness accompanied by severe dizziness,HIGH,Emergency/Critical
slight dry scratchy throat and clear nasal discharge,LOW,NonUrgent/SelfCare
"cannot go on, want to end my life right now",HIGH,Emergency/Critical
Dealing with mild headache but no chest pain and no dizzines,LOW,NonUrgent/SelfCare
"sudden heavy pressure on chest and cannot catch my breath, getting progressively worse.",HIGH,Emergency/Critical
"slight coughh for two days, no shortness of breath, no fever",LOW,NonUrgent/SelfCare
"twisted ankle very badly while running, swollen and cannot put any weight on it, for about 3 days now.",MEDIUM,Urgent/Physician_Consult
Mild complaint: dry flaky itchy skin patches on elbows during dry winter weather.,LOW,NonUrgent/SelfCare
"profuse bleeding after head injury and losing consciousness, for the last hour.",HIGH,Emergency/Critical
Patient reports high fevr of 103f for three days with persistent shivering and body aches.,MEDIUM,Urgent/Physician_Consult
"common cold symptoms, stuffy nose and mild sneezing",LOW,NonUrgent/SelfCare
burning during urination with fever and moderate lower back ache,MEDIUM,Urgent/Physician_Consult
My father collapsed to the floor and passed out cold for 2 minutes.,HIGH,Emergency/Critical
My mother feeling completely overwhelmed and having active thoughts of suicide.,HIGH,Emergency/Critical
small pimple on chin that is slightly tender,LOW,NonUrgent/SelfCare
"Patient reports fell down stairs and wrist is swollen, deformed and very painful to touch.",MEDIUM,Urgent/Physician_Consult
Patient reports deep cut on index finger from kitchen knife that needs stitches to close.,MEDIUM,Urgent/Physician_Consult
"persistent stomac cramping with diarrhea and nausea for over 36 hours, getting somewhat uncomfortable.",MEDIUM,Urgent/Physician_Consult
Patient reports burning during urination with fever and moderate lower back ache.,MEDIUM,Urgent/Physician_Consult
collapsed to the floor and passed out cold for 2 minutes,HIGH,Emergency/Critical
intense knee pain with swelling and locking after a sports injury,MEDIUM,Urgent/Physician_Consult
Patient reports persistent stomach cramping with diarrhea and nausia for over 36 hours.,MEDIUM,Urgent/Physician_Consult
intense vertigo and dizziness where room is spinning constantly when I turn head,MEDIUM,Urgent/Physician_Consult
slight indigestion and mild heartburn after drinking acidic coffee,LOW,NonUrgent/SelfCare
"severe chest pain like an elephant sitting on my chest, happened suddenly.",HIGH,Emergency/Critical
intense flank pain radiating to groin when passing urine,MEDIUM,Urgent/Physician_Consult
"mild tickle in throat, feeling a little run down but eating normally",LOW,NonUrgent/SelfCare
mild tension headache after staring at computer screen all day,LOW,NonUrgent/SelfCare
mild neck stiffness from sleeping in an awkward position,LOW,NonUrgent/SelfCare
Patient reports deep chesty productive cough with thick yellow and green mucus for 4 days.,MEDIUM,Urgent/Physician_Consult
slight stomac upset without any vomiting and without high fever,LOW,NonUrgent/SelfCare
Patient reports deep cut on index finger from kitchen knife that needs stitches to close.,MEDIUM,Urgent/Physician_Consult
My mother gasping for air and inhaler is not working at all.,HIGH,Emergency/Critical
heart is racing at 160 bpm and I feel like passing out,HIGH,Emergency/Critical
I severe chest pain like an elephant sitting on my chest.,HIGH,Emergency/Critical
profuse bleeding after head injury and losing consciousness,HIGH,Emergency/Critical
Patient reports earache with thick yellow fluid draining from the ear canal.,MEDIUM,Urgent/Physician_Consult
slight stomach upset without any vomiting and without high fever,LOW,NonUrgent/SelfCare
Patient reports intense flank pain radiating to groin when passing urine.,MEDIUM,Urgent/Physician_Consult
My father intense squeezing pressure in my chest with cold sweats.,HIGH,Emergency/Critical
slight lower back soreness after doing yard work,LOW,NonUrgent/SelfCare
"shivering chills with persistent temperature and severe sweating at night, since yesterday morning.",MEDIUM,Urgent/Physician_Consult
slight indigestion and mild heartburn after drinking acidic coffee,LOW,NonUrgent/SelfCare
Mild complaint: mild runny nose and sneezing for 2 days with no fever.,LOW,NonUrgent/SelfCare
"deep cut on index finger from kitchen knife that needs stitches to close, for about 3 days now.",MEDIUM,Urgent/Physician_Consult
"felt a bit tired today, denies any breathing problems or heart palpitations",LOW,NonUrgent/SelfCare
I am struggling to inhale and feeling dizzy from lack of oxygen.,HIGH,Emergency/Critical
"profuse bleeding after head injury and losing consciousness, for the last hour.",HIGH,Emergency/Critical
"profuse bleeding after head injury and losing consciousness, for the last hour.",HIGH,Emergency/Critical
frequent painful urination and urine appears cloudy with pink tint,MEDIUM,Urgent/Physician_Consult
Just experiencing small paper cut on thumb that stopped bleeding immediately.,LOW,NonUrgent/SelfCare
"mild constipation for one day, no severe pain or vomiting",LOW,NonUrgent/SelfCare
Patient reports red swollen tender rash spreading across lower leg that feels warm to the touch.,MEDIUM,Urgent/Physician_Consult
Mild complaint: small paper cut on thumb that stopped bleeding immediately.,LOW,NonUrgent/SelfCare
"burning during urination with fever and moderate lower back ache, getting somewhat uncomfortable.",MEDIUM,Urgent/Physician_Consult
sore quadriceps and calf muscles after gym workout yesterday,LOW,NonUrgent/SelfCare
"blood sugar monitor reading 320 mg/dL with extreme thirst and frequent urination, for about 3 days now.",MEDIUM,Urgent/Physician_Consult
Just experiencing mild runny nose and sneezing for 2 days with no fever.,LOW,NonUrgent/SelfCare
I have slight dry scratchy throat and clear nasal discharge.,LOW,NonUrgent/SelfCare
mild congestion in nose and occasional dry cough,LOW,NonUrgent/SelfCare
"persistent stomach cramping with diarrhea and nausea for over 36 hours, since yesterday morning.",MEDIUM,Urgent/Physician_Consult
"sudden worst headache of my life like a thunderclap, for the last hour.",HIGH,Emergency/Critical
I profuse bleeding after head injury and losing consciousness.,HIGH,Emergency/Critical
spurting arterial bleeding from deep leg laceration that will not stop,HIGH,Emergency/Critical
Patient reports blood sugar monitor reading 320 mg/dl with extreme thirst and frequent urination.,MEDIUM,Urgent/Physician_Consult
Note: slight dry scratchy throat and clear nasal discharge.,LOW,NonUrgent/SelfCare
"intense knee pain with swelling and locking after a sports injury, for about 3 days now.",MEDIUM,Urgent/Physician_Consult
"collapsed to the floor and passed out cold for 2 minutes, started 20 minutes ago.",HIGH,Emergency/Critical
"red swollen tender rash spreading across lower leg that feels warm to the touch, since yesterday morning.",MEDIUM,Urgent/Physician_Consult
My husband face is drooping on the right side and speech is completely slurred.,HIGH,Emergency/Critical
minor ache in shoulder after carrying heavy groceries,LOW,NonUrgent/SelfCare
"intense vertigo and dizziness where room is spinning constantly when I turn head, getting somewhat uncomfortable.",MEDIUM,Urgent/Physician_Consult
I have slight lower back soreness after doing yard work.,LOW,NonUrgent/SelfCare
"sharp chesst pain with numbness in left fingers and sweating, getting progressively worse.",HIGH,Emergency/Critical
Just experiencing minor ache in shoulder after carrying heavy groceries.,LOW,NonUrgent/SelfCare
"slight forehead ache after stressful workday, relieved by rest",LOW,NonUrgent/SelfCare
mild sunburn on shoulders from being at the beach yesterday,LOW,NonUrgent/SelfCare
"Dealing with common cold symptoms, stuffy nose and mild sneezing.",LOW,NonUrgent/SelfCare
sudden paralysis in right arm and unable to move my leg,HIGH,Emergency/Critical
"Patient reports twisted ankle very badly while running, swollen and cannot put any weight on it.",MEDIUM,Urgent/Physician_Consult
"blood sugar monitor reading 320 mg/dL with extreme thirst and frequent urination, getting somewhat uncomfortable.",MEDIUM,Urgent/Physician_Consult
minor ache in shoulder after carrying heavy groceries,LOW,NonUrgent/SelfCare
My father sudden central chest tightness accompanied by severe dizziness.,HIGH,Emergency/Critical
"uncontrolled bleeding from open wound after severe trauma, started 20 minutes ago.",HIGH,Emergency/Critical
"fell down stairs and wrist is swollen, deformed and very painful to touch",MEDIUM,Urgent/Physician_Consult
sudden paralysis in right arm and unable to move my leg,HIGH,Emergency/Critical
"sharp pain in lower right side of abdomen that hurts more when pressed, for about 3 days now.",MEDIUM,Urgent/Physician_Consult
Note: slight stomach rumbling and mild loss of appetite today.,LOW,NonUrgent/SelfCare
"mild tickle in throat, feeling a little run down but eating normally",LOW,NonUrgent/SelfCare
"deep chesty productive cough with thick yellow and green mucus for 4 days, for the past 2 days.",MEDIUM,Urgent/Physician_Consult
blood sugar monitor reading 320 mg/dL with extreme thirst and frequent urination,MEDIUM,Urgent/Physician_Consult
intense vertigo and dizziness where room is spinning constantly when I turn head,MEDIUM,Urgent/Physician_Consult
My father gasping for air and inhaler is not working at all.,HIGH,Emergency/Critical
Note: minor ache in shoulder after carrying heavy groceries.,LOW,NonUrgent/SelfCare
choking sensation and throat feels like it is closing completely,HIGH,Emergency/Critical
Just experiencing mild runny nose and sneezing for 2 days with no fever.,LOW,NonUrgent/SelfCare
moderate abdominal pain after eating fatty foods with nausea,MEDIUM,Urgent/Physician_Consult
crushing chest pain radiating down my left arm and jaw,HIGH,Emergency/Critical
I sudden paralysis in right arm and unable to move my leg.,HIGH,Emergency/Critical
"mild constipation for one day, no severe pain or vomitting",LOW,NonUrgent/SelfCare
deep chesty productive cough with thick yellow and green mucus for 4 days,MEDIUM,Urgent/Physician_Consult
mild hedache but no chest pain and no dizziness,LOW,NonUrgent/SelfCare
moderate abdominal pain after eating fatty foods with nausea,MEDIUM,Urgent/Physician_Consult
"persistent stomach cramping with diarrhea and nausia for over 36 hours, getting somewhat uncomfortable.",MEDIUM,Urgent/Physician_Consult
My father sharp chest pain with numbness in left fingers and sweating.,HIGH,Emergency/Critical
severe chest pain like an elephant sitting on my chest,HIGH,Emergency/Critical
Patient reports sharp pain in lower right side of abdomen that hurts more when pressed.,MEDIUM,Urgent/Physician_Consult
"fevr of 39C that does not break with paracetamol, feeling very weak",MEDIUM,Urgent/Physician_Consult
"earache with thick yellow fluid draining from the ear canal, since yesterday morning.",MEDIUM,Urgent/Physician_Consult
slight lower back soreness after doing yard work,LOW,NonUrgent/SelfCare
"sudden heavy pressure on chest and cannot catch my breath, happened suddenly.",HIGH,Emergency/Critical
burning during urination with fever and moderate lower back ache,MEDIUM,Urgent/Physician_Consult
Patient reports intense vertigo and dizziness where room is spinning constantly when i turn head.,MEDIUM,Urgent/Physician_Consult
Just experiencing mild sunburn on shoulders from being at the beach yesterday.,LOW,NonUrgent/SelfCare
"mild constipation for one day, no severe pain or vomiting",LOW,NonUrgent/SelfCare
feeling tired and mild headache from lack of sleep last night,LOW,NonUrgent/SelfCare
My father allergic reaction to medication with full body hives and wheezing.,HIGH,Emergency/Critical
slight indigestion and mild heartburn after drinking acidic coffee,LOW,NonUrgent/SelfCare
mild bloating and gas after eating heavy meal with beans,LOW,NonUrgent/SelfCare
Patient reports deep chesty productive cough with thick yellow and green mucus for 4 days.,MEDIUM,Urgent/Physician_Consult
mild congestion in nose and occasional dry cough,LOW,NonUrgent/SelfCare
"mild tickle in throat, feeling a little run down but eating normally",LOW,NonUrgent/SelfCare
"Patient reports twisted ankle very badly while running, swollen and cannot put any weight on it.",MEDIUM,Urgent/Physician_Consult
Patient reports persistent stomach cramping with diarrhea and nausea for over 36 hours.,MEDIUM,Urgent/Physician_Consult
intense vertigo and dizziness where room is spinning constantly when I turn head,MEDIUM,Urgent/Physician_Consult
"slight coughh for two days, no shortness of breath, no fever",LOW,NonUrgent/SelfCare
mild tension headache after staring at computer screen all day,LOW,NonUrgent/SelfCare
slight dry scratchy throat and clear nasal discharge,LOW,NonUrgent/SelfCare
slight dry scratchy throat and clear nasal discharge,LOW,NonUrgent/SelfCare
Patient reports deep chesty productive cough with thick yellow and green mucus for 4 days.,MEDIUM,Urgent/Physician_Consult
earache with thick yellow fluid draining from the ear canal,MEDIUM,Urgent/Physician_Consult
Dealing with minor bruise on shin from bumping into the coffee table.,LOW,NonUrgent/SelfCare
Note: sore quadriceps and calf muscles after gym workout yesterday.,LOW,NonUrgent/SelfCare
"My husband anaphylactic shock symptoms, tongue swollen and cannot swallow.",HIGH,Emergency/Critical
Dealing with mild neck stiffness from sleeping in an awkward position.,LOW,NonUrgent/SelfCare
"choking sensation and throat feels like it is closing completely, for the last hour.",HIGH,Emergency/Critical
slight lower back soreness after doing yard work,LOW,NonUrgent/SelfCare
"cannot go on, want to end my life right now, happened suddenly.",HIGH,Emergency/Critical
"fever of 39C that does not break with paracetamol, feeling very weak",MEDIUM,Urgent/Physician_Consult
sudden worst headache of my life like a thunderclap,HIGH,Emergency/Critical
intense squeezing pressure in my chest with cold sweats,HIGH,Emergency/Critical
"slight forehead ache after stressful workday, relieved by rest",LOW,NonUrgent/SelfCare
Patient reports deep cut on index finger from kitchen knife that needs stitches to close.,MEDIUM,Urgent/Physician_Consult
Patient gasping for air and inhaler is not working at all.,HIGH,Emergency/Critical
"minor knee soreness, no sweling no numbness, can walk easily",LOW,NonUrgent/SelfCare
"Dealing with minor knee soreness, no sweling no numbness, can walk easily.",LOW,NonUrgent/SelfCare
allergic reaction to medication with full body hives and wheezing,HIGH,Emergency/Critical
mild runny nose and sneezing for 2 days with no fever,LOW,NonUrgent/SelfCare
minor ache in shoulder after carrying heavy groceries,LOW,NonUrgent/SelfCare
small paper cut on thumb that stopped bleeding immediately,LOW,NonUrgent/SelfCare
crushing chest pain radiating down my left arm and jaw,HIGH,Emergency/Critical
"sudden central chest tightness accompanied by severe dizziness, right now.",HIGH,Emergency/Critical
I am intense squeezing pressure in my chest with cold sweats.,HIGH,Emergency/Critical
sharp pain in lower right side of abdomen that hurts more when pressed,MEDIUM,Urgent/Physician_Consult
mild hedache but no chesst pain and no dizziness,LOW,NonUrgent/SelfCare
"Mild complaint: felt a bit tired today, denies any breathin problems or heart palpitations.",LOW,NonUrgent/SelfCare
"mild tickle in throat, feeling a little run down but eating normally",LOW,NonUrgent/SelfCare
feeling tired and mild hedache from lack of sleep last night,LOW,NonUrgent/SelfCare
mild runny nose and sneezing for 2 days with no fever,LOW,NonUrgent/SelfCare
"anaphylactic shock symptoms, tongue swollen and cannot swallow",HIGH,Emergency/Critical
intense flank pain radiating to groin when passing urine,MEDIUM,Urgent/Physician_Consult
red swollen tender rash spreading across lower leg that feels warm to the touch,MEDIUM,Urgent/Physician_Consult
"severe shortness of breath, cannot speak full sentences, started 20 minutes ago.",HIGH,Emergency/Critical
I am choking sensation and throat feels like it is closing completely.,HIGH,Emergency/Critical
"My mother cannot go on, want to end my life right now.",HIGH,Emergency/Critical
"mild constipation for one day, no severe pain or vomiting",LOW,NonUrgent/SelfCare
slight stomach upset without any vomiting and without high fever,LOW,NonUrgent/SelfCare
"vomiting dark blood and severe black tarry stools, for the last hour.",HIGH,Emergency/Critical
deep cut on index finger from kitchen knife that needs stitches to close,MEDIUM,Urgent/Physician_Consult
"minor knee soreness, no swelling, no numbness, can walk easily",LOW,NonUrgent/SelfCare
severe chest pain like an elephant sitting on my chesst right now.,HIGH,Emergency/Critical
"Note: mild tickle in throat, feeling a little run down but eating normally.",LOW,NonUrgent/SelfCare
crushing chest pain radiating down my left arm and jaw,HIGH,Emergency/Critical
"struggling to inhale and feeling dizzy from lack of oxygen, happened suddenly.",HIGH,Emergency/Critical
shivering chills with persistent temperature and severe sweating at night,MEDIUM,Urgent/Physician_Consult
slight dry scratchy throat and clear nasal discharge,LOW,NonUrgent/SelfCare
severe burning sensation in stomach accompanied by repeated vomiting,MEDIUM,Urgent/Physician_Consult
Patient reports high fevr of 103f for three days with persistent shivering and body aches.,MEDIUM,Urgent/Physician_Consult
"severe shortness of breath, cannot speak full sentences, right now.",HIGH,Emergency/Critical
"face is drooping on the right side and speech is completely slurred, right now.",HIGH,Emergency/Critical
minor bruise on shin from bumping into the coffee table,LOW,NonUrgent/SelfCare
sudden worst headache of my life like a thunderclap,HIGH,Emergency/Critical
"Just experiencing mild constipation for one day, no severe pain or vomiting.",LOW,NonUrgent/SelfCare
mild bloating and gas after eating heavy meal with beans,LOW,NonUrgent/SelfCare
"Mild complaint: mild tickle in throat, feeling a little run down but eating normally.",LOW,NonUrgent/SelfCare
Patient reports intense vertigo and dizziness where room is spinning constantly when i turn head.,MEDIUM,Urgent/Physician_Consult
mild congestion in nose and occasional dry cough,LOW,NonUrgent/SelfCare
"Patient reports twisted ankle very badly while running, swollen and cannot put any weight on it.",MEDIUM,Urgent/Physician_Consult
Note: slight stomac rumbling and mild loss of appetite today.,LOW,NonUrgent/SelfCare
intense vertigo and dizziness where room is spinning constantly when I turn head,MEDIUM,Urgent/Physician_Consult
"Patient reports fell down stairs and wrist is swollen, deformed and very painful to touch.",MEDIUM,Urgent/Physician_Consult
slight lower back soreness after doing yard work,LOW,NonUrgent/SelfCare
"slight forehead ache after stressful workday, relieved by rest",LOW,NonUrgent/SelfCare
"common cold symptoms, stuffy nose and mild sneezing",LOW,NonUrgent/SelfCare
"feeling completely overwhelmed and having active thoughts of suicide, for the last hour.",HIGH,Emergency/Critical
mild congestion in nose and occasional dry cough,LOW,NonUrgent/SelfCare
"Dealing with slight cough for two days, no shortness of breath, no fever.",LOW,NonUrgent/SelfCare
slight dry scratchy throat and clear nasal discharge,LOW,NonUrgent/SelfCare
"twisted ankle very badly while running, swollen and cannot put any weight on it, getting somewhat uncomfortable.",MEDIUM,Urgent/Physician_Consult
"twisted ankle very badly while running, swollen and cannot put any weight on it, for the past 2 days.",MEDIUM,Urgent/Physician_Consult
"anaphylactic shock symptoms, tongue swollen and cannot swallow",HIGH,Emergency/Critical
"blood sugar monitor reading 320 mg/dL with extreme thirst and frequent urination, for the past 2 days.",MEDIUM,Urgent/Physician_Consult
"mild constipation for one day, no severe pain or vomitting",LOW,NonUrgent/SelfCare
profuse bleeding after head injury and losing consciousness,HIGH,Emergency/Critical
mild fatigue after working long hours this week,LOW,NonUrgent/SelfCare
mild congestion in nose and occasional dry cough,LOW,NonUrgent/SelfCare
"My mother severe shortness of breath, cannot speak full sentences.",HIGH,Emergency/Critical
mild neck stiffness from sleeping in an awkward position,LOW,NonUrgent/SelfCare
I crushing chest pain radiating down my left arm and jaw.,HIGH,Emergency/Critical
Dealing with mild runny nose and sneezing for 2 days with no fever.,LOW,NonUrgent/SelfCare
cannot breathe and lips are turning blue,HIGH,Emergency/Critical
feeling completely overwhelmed and having active thoughts of suicide,HIGH,Emergency/Critical
sudden heavy pressure on chesst and cannot catch my breath,HIGH,Emergency/Critical
severe burning sensation in stomach accompanied by repeated vomiting,MEDIUM,Urgent/Physician_Consult
mild sunburn on shoulders from being at the beach yesterday,LOW,NonUrgent/SelfCare
"fell down stairs and wrist is swollen, deformed and very painful to touch",MEDIUM,Urgent/Physician_Consult
vomiting dark blood and severe black tarry stools,HIGH,Emergency/Critical
small pimple on chin that is slightly tender,LOW,NonUrgent/SelfCare
I am choking sensation and throat feels like it is closing completely.,HIGH,Emergency/Critical
"mild tickle in throat, feeling a little run down but eating normally",LOW,NonUrgent/SelfCare
"cannot go on, want to end my life right now, for the last hour.",HIGH,Emergency/Critical
sudden worst headache of my life like a thunderclap,HIGH,Emergency/Critical
mild sunburn on shoulders from being at the beach yesterday,LOW,NonUrgent/SelfCare
I am intense squeezing pressure in my chest with cold sweats.,HIGH,Emergency/Critical
I have small paper cut on thumb that stopped bleeding immediately.,LOW,NonUrgent/SelfCare
I am severe chest pain like an elephant sitting on my chest.,HIGH,Emergency/Critical
"Dealing with minor knee soreness, no swelling, no numbness, can walk easily.",LOW,NonUrgent/SelfCare
mild sunburn on shoulders from being at the beach yesterday,LOW,NonUrgent/SelfCare
"Patient reports fell down stairs and wrist is swollen, deformed and very painful to touch.",MEDIUM,Urgent/Physician_Consult
"Patient severe shortness of breath, cannot speak full sentences.",HIGH,Emergency/Critical
"fevr of 39C that does not break with paracetamol, feeling very weak",MEDIUM,Urgent/Physician_Consult
red swollen tender rash spreading across lower leg that feels warm to the touch,MEDIUM,Urgent/Physician_Consult
sudden heavy pressure on chesst and cannot catch my breath,HIGH,Emergency/Critical
Patient reports earache with thick yellow fluid draining from the ear canal.,MEDIUM,Urgent/Physician_Consult
"struggling to inhale and feeling dizzy from lack of oxygen, started 20 minutes ago.",HIGH,Emergency/Critical
sudden worst headache of my life like a thunderclap,HIGH,Emergency/Critical
minor ache in shoulder after carrying heavy groceries,LOW,NonUrgent/SelfCare
throbbing migraine hedache for 48 hours with severe sensitivity to light and vomiting,MEDIUM,Urgent/Physician_Consult
Patient reports sharp pain in lower right side of abdomen that hurts more when pressed.,MEDIUM,Urgent/Physician_Consult
My mother sudden heavy pressure on chest and cannot catch my breath.,HIGH,Emergency/Critical
sudden loss of vision in both eyes and extreme confusion,HIGH,Emergency/Critical
heart is racing at 160 bpm and I feel like passing out,HIGH,Emergency/Critical
"blood sugar monitor reading 320 mg/dL with extreme thirst and frequent urination, since yesterday morning.",MEDIUM,Urgent/Physician_Consult
"cannot go on, want to end my life right now",HIGH,Emergency/Critical
"choking sensation and throat feels like it is closing completely, getting progressively worse.",HIGH,Emergency/Critical
severe chest pain like an elephant sitting on my chesst,HIGH,Emergency/Critical
"I am severe allergic reaction, throat is swelling shut after peanut exposure.",HIGH,Emergency/Critical
"Suddenly I severe shortness of breath, cannot speak full sentences.",HIGH,Emergency/Critical
intense vertigo and dizziness where room is spinning constantly when I turn head,MEDIUM,Urgent/Physician_Consult
"burning during urination with fever and moderate lower back ache, for about 3 days now.",MEDIUM,Urgent/Physician_Consult
Patient reports persistent stomac cramping with diarrhea and nausea for over 36 hours.,MEDIUM,Urgent/Physician_Consult
"Just experiencing mild constipation for one day, no severe pain or vomiting.",LOW,NonUrgent/SelfCare
"twisted ankle very badly while running, swollen and cannot put any weight on it, for the past 2 days.",MEDIUM,Urgent/Physician_Consult
mild tension headache after staring at computer screen all day,LOW,NonUrgent/SelfCare
having continuous seizures and shaking uncontrollably for 5 minutes,HIGH,Emergency/Critical
minor ache in shoulder after carrying heavy groceries,LOW,NonUrgent/SelfCare
"severe allergic reaction, throat is sweling shut after peanut exposure",HIGH,Emergency/Critical
"sharp pain in lower right side of abdomen that hurts more when pressed, for the past 2 days.",MEDIUM,Urgent/Physician_Consult
mild sunburn on shoulders from being at the beach yesterday,LOW,NonUrgent/SelfCare
"twisted ankle very badly while running, swollen and cannot put any weight on it, since yesterday morning.",MEDIUM,Urgent/Physician_Consult
high fever of 103F for three days with persistent shivering and body aches,MEDIUM,Urgent/Physician_Consult
feeling tired and mild headache from lack of sleep last night,LOW,NonUrgent/SelfCare
"vomitting dark blood and severe black tarry stools, started 20 minutes ago.",HIGH,Emergency/Critical
choking sensation and throat feels like it is closing completely,HIGH,Emergency/Critical
slight indigestion and mild heartburn after drinking acidic coffee,LOW,NonUrgent/SelfCare
"mild tickle in throat, feeling a little run down but eating normally",LOW,NonUrgent/SelfCare
minor bruise on shin from bumping into the coffee table,LOW,NonUrgent/SelfCare
"Dealing with common cold symptoms, stuffy nose and mild sneezing.",LOW,NonUrgent/SelfCare
dry flaky itchy skin patches on elbows during dry winter weather,LOW,NonUrgent/SelfCare
intense squeezing pressure in my chest with cold sweats,HIGH,Emergency/Critical
"severe burning sensation in stomach accompanied by repeated vomiting, since yesterday morning.",MEDIUM,Urgent/Physician_Consult
allergic reaction to medication with full body hives and wheezing,HIGH,Emergency/Critical
Patient reports sharp pain in lower right side of abdomen that hurts more when pressed.,MEDIUM,Urgent/Physician_Consult
mild tension headache after staring at computer screen all day,LOW,NonUrgent/SelfCare
"slight cough for two days, no shortness of breath, no fever",LOW,NonUrgent/SelfCare
cannot breathe and lips are turning blue,HIGH,Emergency/Critical
"Patient severe allergic reaction, throat is swelling shut after peanut exposure.",HIGH,Emergency/Critical
Mild complaint: mild fatigue after working long hours this week.,LOW,NonUrgent/SelfCare
Patient reports sharp pain in lower right side of abdomen that hurts more when pressed.,MEDIUM,Urgent/Physician_Consult
feeling completely overwhelmed and having active thoughts of suicide,HIGH,Emergency/Critical
"anaphylactic shock symptoms, tongue swollen and cannot swallow",HIGH,Emergency/Critical
Patient reports red swollen tender rash spreading across lower leg that feels warm to the touch.,MEDIUM,Urgent/Physician_Consult
Suddenly I sudden heavy pressure on chesst and cannot catch my breath.,HIGH,Emergency/Critical
"coughing up large amounts of bright red blood, happened suddenly.",HIGH,Emergency/Critical
"fell down stairs and wrist is swollen, deformed and very painful to touch, for about 3 days now.",MEDIUM,Urgent/Physician_Consult
"sharp chest pain with numbness in left fingers and sweating, right now.",HIGH,Emergency/Critical
burning during urination with fever and moderate lower back ache,MEDIUM,Urgent/Physician_Consult
"I anaphylactic shock symptoms, tongue swollen and cannot swallow.",HIGH,Emergency/Critical
"Dealing with felt a bit tired today, denies any breathing problems or heart palpitations.",LOW,NonUrgent/SelfCare
"red swollen tender rash spreading across lower leg that feels warm to the touch, since yesterday morning.",MEDIUM,Urgent/Physician_Consult
"fell down stairs and wrist is swollen, deformed and very painful to touch, getting somewhat uncomfortable.",MEDIUM,Urgent/Physician_Consult
slight dry scratchy throat and clear nasal discharge,LOW,NonUrgent/SelfCare
"mild tickle in throat, feeling a little run down but eating normally",LOW,NonUrgent/SelfCare
My wife sharp chest pain with numbness in left fingers and sweating.,HIGH,Emergency/Critical
slight lower back soreness after doing yard work,LOW,NonUrgent/SelfCare
"profuse bleeding after head injury and losing consciousness, right now.",HIGH,Emergency/Critical
"persistent stomach cramping with diarrhea and nausea for over 36 hours, since yesterday morning.",MEDIUM,Urgent/Physician_Consult
"Patient reports fevr of 39c that does not break with paracetamol, feeling very weak.",MEDIUM,Urgent/Physician_Consult
My husband coughing up large amounts of bright red blood.,HIGH,Emergency/Critical
sore quadriceps and calf muscles after gym workout yesterday,LOW,NonUrgent/SelfCare
"allergic reaction to medication with full body hives and wheezing, happened suddenly.",HIGH,Emergency/Critical
My husband face is drooping on the right side and speech is completely slurred.,HIGH,Emergency/Critical
burning during urination with fever and moderate lower back ache,MEDIUM,Urgent/Physician_Consult
deep cut on index finger from kitchen knife that needs stitches to close,MEDIUM,Urgent/Physician_Consult
severe chest pain like an elephant sitting on my chest,HIGH,Emergency/Critical
minor bruise on shin from bumping into the coffee table,LOW,NonUrgent/SelfCare
"fell down stairs and wrist is swollen, deformed and very painful to touch",MEDIUM,Urgent/Physician_Consult
"blood sugar monitor reading 320 mg/dL with extreme thirst and frequent urination, for about 3 days now.",MEDIUM,Urgent/Physician_Consult
I have mild fatigue after working long hours this week.,LOW,NonUrgent/SelfCare
face is drooping on the right side and speech is completely slurred,HIGH,Emergency/Critical
deep chesty productive cough with thick yellow and green mucus for 4 days,MEDIUM,Urgent/Physician_Consult
"cannot go on, want to end my life right now, right now.",HIGH,Emergency/Critical
mild sunburn on shoulders from being at the beach yesterday,LOW,NonUrgent/SelfCare
"common cold symptoms, stuffy nose and mild sneezing",LOW,NonUrgent/SelfCare
Patient reports deep cut on index finger from kitchen knife that needs stitches to close.,MEDIUM,Urgent/Physician_Consult
mild neck stiffness from sleeping in an awkward position,LOW,NonUrgent/SelfCare
Patient reports persistent stomach cramping with diarrhea and nausea for over 36 hours.,MEDIUM,Urgent/Physician_Consult
mild congestion in nose and occasional dry cough,LOW,NonUrgent/SelfCare
"red swollen tender rash spreading across lower leg that feels warm to the touch, since yesterday morning.",MEDIUM,Urgent/Physician_Consult
"intense flank pain radiating to groin when passing urine, for about 3 days now.",MEDIUM,Urgent/Physician_Consult
small pimple on chin that is slightly tender,LOW,NonUrgent/SelfCare
"persistent stomach cramping with diarrhea and nausea for over 36 hours, for about 3 days now.",MEDIUM,Urgent/Physician_Consult
Suddenly I sudden heavy pressure on chesst and cannot catch my breath.,HIGH,Emergency/Critical
"Just experiencing felt a bit tired today, denies any breathing problems or heart palpitations.",LOW,NonUrgent/SelfCare
deep cut on index finger from kitchen knife that needs stitches to close,MEDIUM,Urgent/Physician_Consult
"crushing chesst pain radiating down my left arm and jaw, getting progressively worse.",HIGH,Emergency/Critical
"cannot go on, want to end my life right now",HIGH,Emergency/Critical
burning during urination with fevr and moderate lower back ache,MEDIUM,Urgent/Physician_Consult
"cannot breathe and lips are turning blue, getting progressively worse.",HIGH,Emergency/Critical
"severe burning sensation in stomach accompanied by repeated vomiting, for the past 2 days.",MEDIUM,Urgent/Physician_Consult
shivering chills with persistent temperature and severe sweating at night,MEDIUM,Urgent/Physician_Consult
I am spurting arterial bleeding from deep leg laceration that will not stop.,HIGH,Emergency/Critical
"deep cut on index finger from kitchen knife that needs stitches to close, getting somewhat uncomfortable.",MEDIUM,Urgent/Physician_Consult
"severe shortness of breath, cannot speak full sentences, happened suddenly.",HIGH,Emergency/Critical
Patient reports frequent painful urination and urine appears cloudy with pink tint.,MEDIUM,Urgent/Physician_Consult
"twisted ankle very badly while running, swollen and cannot put any weight on it, getting somewhat uncomfortable.",MEDIUM,Urgent/Physician_Consult
"intense flank pain radiating to groin when passing urine, for the past 2 days.",MEDIUM,Urgent/Physician_Consult
feeling tired and mild headache from lack of sleep last night,LOW,NonUrgent/SelfCare
"high fever of 103F for three days with persistent shivering and body aches, for the past 2 days.",MEDIUM,Urgent/Physician_Consult
mild congestion in nose and occasional dry cough,LOW,NonUrgent/SelfCare
"fell down stairs and wrist is swollen, deformed and very painful to touch",MEDIUM,Urgent/Physician_Consult
"heart is racing at 160 bpm and I feel like passing out, happened suddenly.",HIGH,Emergency/Critical
Patient reports intense flank pain radiating to groin when passing urine.,MEDIUM,Urgent/Physician_Consult
"allergic reaction to medication with full body hives and wheezing, started 20 minutes ago.",HIGH,Emergency/Critical
Patient reports sharp pain in lower right side of abdomen that hurts more when pressed.,MEDIUM,Urgent/Physician_Consult
collapsed to the floor and passed out cold for 2 minutes,HIGH,Emergency/Critical
sharp chest pain with numbness in left fingers and sweating,HIGH,Emergency/Critical
I have small pimple on chin that is slightly tender.,LOW,NonUrgent/SelfCare
feeling completely overwhelmed and having active thoughts of suicide,HIGH,Emergency/Critical
sharp chest pain with numbness in left fingers and sweating,HIGH,Emergency/Critical
"Note: slight forehead ache after stressful workday, relieved by rest.",LOW,NonUrgent/SelfCare
"deep chesty productive cough with thick yellow and green mucus for 4 days, since yesterday morning.",MEDIUM,Urgent/Physician_Consult
My father allergic reaction to medication with full body hives and wheezing.,HIGH,Emergency/Critical
Suddenly I vomiting dark blood and severe black tarry stools.,HIGH,Emergency/Critical
high fevr of 103F for three days with persistent shivering and body aches,MEDIUM,Urgent/Physician_Consult
Patient reports deep chesty productive cough with thick yellow and green mucus for 4 days.,MEDIUM,Urgent/Physician_Consult
I am crushing chest pain radiating down my left arm and jaw.,HIGH,Emergency/Critical
My mother sudden heavy pressure on chesst and cannot catch my breath.,HIGH,Emergency/Critical
"felt a bit tired today, denies any breathin problems or heart palpitations",LOW,NonUrgent/SelfCare
vomiting dark blood and severe black tarry stools,HIGH,Emergency/Critical
"Patient reports fell down stairs and wrist is swollen, deformed and very painful to touch.",MEDIUM,Urgent/Physician_Consult
Patient reports sharp pain in lower right side of abdomen that hurts more when pressed.,MEDIUM,Urgent/Physician_Consult
burning during urination with fever and moderate lower back ache,MEDIUM,Urgent/Physician_Consult
"I have slight cough for two days, no shortness of breath, no fever.",LOW,NonUrgent/SelfCare
"shivering chills with persistent temperature and severe sweating at night, since yesterday morning.",MEDIUM,Urgent/Physician_Consult
"choking sensation and throat feels like it is closing completely, for the last hour.",HIGH,Emergency/Critical
"fever of 39C that does not break with paracetamol, feeling very weak",MEDIUM,Urgent/Physician_Consult
"choking sensation and throat feels like it is closing completely, right now.",HIGH,Emergency/Critical
profuse bleeding after head injury and losing consciousness,HIGH,Emergency/Critical
sudden heavy pressure on chest and cannot catch my breath,HIGH,Emergency/Critical
I have feeling tired and mild headache from lack of sleep last night.,LOW,NonUrgent/SelfCare
dry flaky itchy skin patches on elbows during dry winter weather,LOW,NonUrgent/SelfCare
intense flank pain radiating to groin when passing urine,MEDIUM,Urgent/Physician_Consult
small pimple on chin that is slightly tender,LOW,NonUrgent/SelfCare
slight stomach rumbling and mild loss of appetite today,LOW,NonUrgent/SelfCare
"Patient reports twisted ankle very badly while running, swollen and cannot put any weight on it.",MEDIUM,Urgent/Physician_Consult
"fell down stairs and wrist is swollen, deformed and very painful to touch, getting somewhat uncomfortable.",MEDIUM,Urgent/Physician_Consult
"earache with thick yellow fluid draining from the ear canal, since yesterday morning.",MEDIUM,Urgent/Physician_Consult
I have mild runny nose and sneezing for 2 days with no fevr,LOW,NonUrgent/SelfCare
Patient reports severe burning sensation in stomach accompanied by repeated vomitting,MEDIUM,Urgent/Physician_Consult
"severe shortness of breath, cannot speak full sentences, happened suddenly.",HIGH,Emergency/Critical
mild headache but no chest pain and no dizziness,LOW,NonUrgent/SelfCare
dry flaky itchy skin patches on elbows during dry winter weather,LOW,NonUrgent/SelfCare
sudden central chesst tightness accompanied by severe dizziness,HIGH,Emergency/Critical
uncontrolled bleeding from open wound after severe trauma,HIGH,Emergency/Critical
Dealing with slight lower back soreness after doing yard work.,LOW,NonUrgent/SelfCare
Patient reports shivering chills with persistent temperature and severe sweating at night.,MEDIUM,Urgent/Physician_Consult
Just experiencing dry flaky itchy skin patches on elbows during dry winter weather.,LOW,NonUrgent/SelfCare
severe chest pain like an elephant sitting on my chest,HIGH,Emergency/Critical
"having continuous seizures and shaking uncontrollably for 5 minutes, getting progressively worse.",HIGH,Emergency/Critical
I have slight stomach rumbling and mild loss of appetite today.,LOW,NonUrgent/SelfCare
Note: slight indigestion and mild heartburn after drinking acidic coffee.,LOW,NonUrgent/SelfCare
"common cold symptoms, stuffy nose and mild sneezing",LOW,NonUrgent/SelfCare
My father coughing up large amounts of bright red blood.,HIGH,Emergency/Critical
My husband vomitting dark blood and severe black tarry stools.,HIGH,Emergency/Critical
"slight cough for two days, no shortness of breath, no fever",LOW,NonUrgent/SelfCare
"slight cough for two days, no shortness of breath, no fevr",LOW,NonUrgent/SelfCare
Patient face is drooping on the right side and speech is completely slurred.,HIGH,Emergency/Critical
persistent stomach cramping with diarrhea and nausea for over 36 hours,MEDIUM,Urgent/Physician_Consult
earache with thick yellow fluid draining from the ear canal,MEDIUM,Urgent/Physician_Consult
Patient reports intense vertigo and dizziness where room is spinning constantly when i turn head.,MEDIUM,Urgent/Physician_Consult
Mild complaint: slight dry scratchy throat and clear nasal discharge.,LOW,NonUrgent/SelfCare
Dealing with mild neck stiffness from sleeping in an awkward position.,LOW,NonUrgent/SelfCare
Note: mild fatigue after working long hours this week.,LOW,NonUrgent/SelfCare
I am allergic reaction to medication with full body hives and wheezing.,HIGH,Emergency/Critical
Patient reports frequent painful urination and urine appears cloudy with pink tint.,MEDIUM,Urgent/Physician_Consult
"I cannot go on, want to end my life right now.",HIGH,Emergency/Critical
"throbbing migraine headache for 48 hours with severe sensitivity to light and vomiting, since yesterday morning.",MEDIUM,Urgent/Physician_Consult
mild sunburn on shoulders from being at the beach yesterday,LOW,NonUrgent/SelfCare
small pimple on chin that is slightly tender,LOW,NonUrgent/SelfCare
"deep chesty productive cough with thick yellow and green mucus for 4 days, for the past 2 days.",MEDIUM,Urgent/Physician_Consult
"fell down stairs and wrist is swollen, deformed and very painful to touch",MEDIUM,Urgent/Physician_Consult
shivering chills with persistent temperature and severe sweating at night,MEDIUM,Urgent/Physician_Consult
"sudden loss of vision in both eyes and extreme confusion, for the last hour.",HIGH,Emergency/Critical
mild tension headache after staring at computer screen all day,LOW,NonUrgent/SelfCare
My husband vomitting dark blood and severe black tarry stools.,HIGH,Emergency/Critical
mild fatigue after working long hours this week,LOW,NonUrgent/SelfCare
Mild complaint: mild tension headache after staring at computer screen all day.,LOW,NonUrgent/SelfCare
Just experiencing small pimple on chin that is slightly tender.,LOW,NonUrgent/SelfCare
"common cold symptoms, stuffy nose and mild sneezing",LOW,NonUrgent/SelfCare
Mild complaint: slight stomach upset without any vomitting and without high fevr,LOW,NonUrgent/SelfCare
"earache with thick yellow fluid draining from the ear canal, getting somewhat uncomfortable.",MEDIUM,Urgent/Physician_Consult
My father collapsed to the floor and passed out cold for 2 minutes.,HIGH,Emergency/Critical
"cannot go on, want to end my life right now, started 20 minutes ago.",HIGH,Emergency/Critical
slight stomach rumbling and mild loss of appetite today,LOW,NonUrgent/SelfCare
"sudden loss of vision in both eyes and extreme confusion, happened suddenly.",HIGH,Emergency/Critical
persistent stomach cramping with diarrhea and nausea for over 36 hours,MEDIUM,Urgent/Physician_Consult
minor bruise on shin from bumping into the coffee table,LOW,NonUrgent/SelfCare
mild fatigue after working long hours this week,LOW,NonUrgent/SelfCare
intense knee pain with swelling and locking after a sports injury,MEDIUM,Urgent/Physician_Consult
Patient reports deep cut on index finger from kitchen knife that needs stitches to close.,MEDIUM,Urgent/Physician_Consult
"intense vertigo and dizziness where room is spinning constantly when I turn head, for the past 2 days.",MEDIUM,Urgent/Physician_Consult
small paper cut on thumb that stopped bleeding immediately,LOW,NonUrgent/SelfCare
small pimple on chin that is slightly tender,LOW,NonUrgent/SelfCare
Note: mild bloating and gas after eating heavy meal with beans.,LOW,NonUrgent/SelfCare
Patient reports intense vertigo and dizziness where room is spinning constantly when i turn head.,MEDIUM,Urgent/Physician_Consult
"sudden worst headache of my life like a thunderclap, started 20 minutes ago.",HIGH,Emergency/Critical
"high fever of 103F for three days with persistent shivering and body aches, for about 3 days now.",MEDIUM,Urgent/Physician_Consult
"sudden central chest tightness accompanied by severe dizziness, started 20 minutes ago.",HIGH,Emergency/Critical
Just experiencing slight lower back soreness after doing yard work.,LOW,NonUrgent/SelfCare
"mild constipation for one day, no severe pain or vomitting",LOW,NonUrgent/SelfCare
slight indigestion and mild heartburn after drinking acidic coffee,LOW,NonUrgent/SelfCare
"coughing up large amounts of bright red blood, getting progressively worse.",HIGH,Emergency/Critical
I crushing chest pain radiating down my left arm and jaw.,HIGH,Emergency/Critical
"Just experiencing minor knee soreness, no swelling, no numbness, can walk easily.",LOW,NonUrgent/SelfCare
Patient sudden severe asthma attack with extreme wheezing and suffocation.,HIGH,Emergency/Critical
My wife crushing chest pain radiating down my left arm and jaw.,HIGH,Emergency/Critical
"anaphylactic shock symptoms, tongue swollen and cannot swallow, right now.",HIGH,Emergency/Critical
Patient reports persistent stomach cramping with diarrhea and nausea for over 36 hours.,MEDIUM,Urgent/Physician_Consult
minor ache in shoulder after carrying heavy groceries,LOW,NonUrgent/SelfCare
"intense knee pain with sweling and locking after a sports injury, for the past 2 days.",MEDIUM,Urgent/Physician_Consult
Patient reports high fever of 103f for three days with persistent shivering and body aches.,MEDIUM,Urgent/Physician_Consult
face is drooping on the right side and speech is completely slurred,HIGH,Emergency/Critical
"red swollen tender rash spreading across lower leg that feels warm to the touch, for the past 2 days.",MEDIUM,Urgent/Physician_Consult
"sharp pain in lower right side of abdomen that hurts more when pressed, since yesterday morning.",MEDIUM,Urgent/Physician_Consult
mild headache but no chest pain and no dizziness,LOW,NonUrgent/SelfCare
heart is racing at 160 bpm and I feel like passing out,HIGH,Emergency/Critical
"frequent painful urination and urine appears cloudy with pink tint, for about 3 days now.",MEDIUM,Urgent/Physician_Consult
Mild complaint: slight stomach rumbling and mild loss of appetite today.,LOW,NonUrgent/SelfCare
"having continuous seizures and shaking uncontrollably for 5 minutes, for the last hour.",HIGH,Emergency/Critical
"severe burning sensation in stomach accompanied by repeated vomiting, since yesterday morning.",MEDIUM,Urgent/Physician_Consult
mild congestion in nose and occasional dry cough,LOW,NonUrgent/SelfCare
slight indigestion and mild heartburn after drinking acidic coffee,LOW,NonUrgent/SelfCare
"twisted ankle very badly while running, swollen and cannot put any weight on it, getting somewhat uncomfortable.",MEDIUM,Urgent/Physician_Consult
vomiting dark blood and severe black tarry stools,HIGH,Emergency/Critical
"feeling completely overwhelmed and having active thoughts of suicide, getting progressively worse.",HIGH,Emergency/Critical
mild sunburn on shoulders from being at the beach yesterday,LOW,NonUrgent/SelfCare
I am sudden paralysis in right arm and unable to move my leg.,HIGH,Emergency/Critical
Suddenly I collapsed to the floor and passed out cold for 2 minutes.,HIGH,Emergency/Critical
burning during urination with fever and moderate lower back ache,MEDIUM,Urgent/Physician_Consult
moderate abdominal pain after eating fatty foods with nausea,MEDIUM,Urgent/Physician_Consult
"felt a bit tired today, denies any breathing problems or heart palpitations",LOW,NonUrgent/SelfCare
"Patient reports fell down stairs and wrist is swollen, deformed and very painful to touch.",MEDIUM,Urgent/Physician_Consult
I heart is racing at 160 bpm and I feel like passing out.,HIGH,Emergency/Critical
sharp chest pain with numbness in left fingers and sweating,HIGH,Emergency/Critical
moderate abdominal pain after eating fatty foods with nausea,MEDIUM,Urgent/Physician_Consult
Suddenly I spurting arterial bleeding from deep leg laceration that will not stop.,HIGH,Emergency/Critical
"sharp pain in lower right side of abdomen that hurts more when pressed, getting somewhat uncomfortable.",MEDIUM,Urgent/Physician_Consult
slight lower back soreness after doing yard work,LOW,NonUrgent/SelfCare
Suddenly I feeling completely overwhelmed and having active thoughts of suicide.,HIGH,Emergency/Critical
sore quadriceps and calf muscles after gym workout yesterday,LOW,NonUrgent/SelfCare
frequent painful urination and urine appears cloudy with pink tint,MEDIUM,Urgent/Physician_Consult
"shivering chills with persistent temperature and severe sweating at night, for about 3 days now.",MEDIUM,Urgent/Physician_Consult
My wife sudden paralysis in right arm and unable to move my leg.,HIGH,Emergency/Critical
"I severe shortness of breath, cannot speak full sentences.",HIGH,Emergency/Critical
sudden worst headache of my life like a thunderclap,HIGH,Emergency/Critical
earache with thick yellow fluid draining from the ear canal,MEDIUM,Urgent/Physician_Consult
sudden loss of vision in both eyes and extreme confusion,HIGH,Emergency/Critical
heart is racing at 160 bpm and I feel like passing out,HIGH,Emergency/Critical
slight dry scratchy throat and clear nasal discharge,LOW,NonUrgent/SelfCare
"intense vertigo and dizziness where room is spinning constantly when I turn head, for the past 2 days.",MEDIUM,Urgent/Physician_Consult
Dealing with minor bruise on shin from bumping into the coffee table.,LOW,NonUrgent/SelfCare
deep cut on index finger from kitchen knife that needs stitches to close,MEDIUM,Urgent/Physician_Consult
intense squeezing pressure in my chest with cold sweats,HIGH,Emergency/Critical
"fell down stairs and wrist is swollen, deformed and very painful to touch",MEDIUM,Urgent/Physician_Consult
deep cut on index finger from kitchen knife that needs stitches to close,MEDIUM,Urgent/Physician_Consult
My father sharp chest pain with numbness in left fingers and sweating.,HIGH,Emergency/Critical
sudden worst headache of my life like a thunderclap,HIGH,Emergency/Critical
"choking sensation and throat feels like it is closing completely, started 20 minutes ago.",HIGH,Emergency/Critical
"spurting arterial bleeding from deep leg laceration that will not stop, started 20 minutes ago.",HIGH,Emergency/Critical
"Note: slight forehead ache after stressful workday, relieved by rest.",LOW,NonUrgent/SelfCare
"severe alergic reaction, throat is swelling shut after peanut exposure",HIGH,Emergency/Critical
"uncontrolled bleeding from open wound after severe trauma, getting progressively worse.",HIGH,Emergency/Critical
I vomitting dark blood and severe black tarry stools.,HIGH,Emergency/Critical
"feeling completely overwhelmed and having active thoughts of suicide, happened suddenly.",HIGH,Emergency/Critical
"profuse bleeding after head injury and losing consciousness, right now.",HIGH,Emergency/Critical
"shivering chills with persistent temperature and severe sweating at night, since yesterday morning.",MEDIUM,Urgent/Physician_Consult
Patient reports high fever of 103f for three days with persistent shivering and body aches.,MEDIUM,Urgent/Physician_Consult
"My mother severe allergic reaction, throat is swelling shut after peanut exposure.",HIGH,Emergency/Critical
Patient reports blood sugar monitor reading 320 mg/dl with extreme thirst and frequent urination.,MEDIUM,Urgent/Physician_Consult
small paper cut on thumb that stopped bleeding immediately,LOW,NonUrgent/SelfCare
"mild tickle in throat, feeling a little run down but eating normally",LOW,NonUrgent/SelfCare
"deep chesty productive coughh with thick yellow and green mucus for 4 days, since yesterday morning.",MEDIUM,Urgent/Physician_Consult
Patient reports burning during urination with fever and moderate lower back ache.,MEDIUM,Urgent/Physician_Consult
"anaphylactic shock symptoms, tongue swollen and cannot swallow, right now.",HIGH,Emergency/Critical
Patient reports moderate abdominal pain after eating fatty foods with nausea.,MEDIUM,Urgent/Physician_Consult
shivering chills with persistent temperature and severe sweating at night,MEDIUM,Urgent/Physician_Consult
"common cold symptoms, stuffy nose and mild sneezing",LOW,NonUrgent/SelfCare
I have mild congestion in nose and occasional dry cough.,LOW,NonUrgent/SelfCare
"common cold symptoms, stuffy nose and mild sneezing",LOW,NonUrgent/SelfCare
"sudden worst headache of my life like a thunderclap, for the last hour.",HIGH,Emergency/Critical
"minor knee soreness, no sweling no numbness, can walk easily",LOW,NonUrgent/SelfCare
"slight cough for two days, no shortness of breath, no fever",LOW,NonUrgent/SelfCare
Patient reports earache with thick yellow fluid draining from the ear canal.,MEDIUM,Urgent/Physician_Consult
"sudden severe asthma attack with extreme wheezing and suffocation, for the last hour.",HIGH,Emergency/Critical
"mild tickle in throat, feeling a little run down but eating normally",LOW,NonUrgent/SelfCare
"sudden heavy pressure on chest and cannot catch my breath, for the last hour.",HIGH,Emergency/Critical
"common cold symptoms, stuffy nose and mild sneezing",LOW,NonUrgent/SelfCare
Patient reports frequent painful urination and urine appears cloudy with pink tint.,MEDIUM,Urgent/Physician_Consult
"intense knee pain with swelling and locking after a sports injury, for the past 2 days.",MEDIUM,Urgent/Physician_Consult
"My wife severe shortness of breath, cannot speak full sentences.",HIGH,Emergency/Critical
Just experiencing mild congestion in nose and occasional dry cough.,LOW,NonUrgent/SelfCare
"heart is racing at 160 bpm and I feel like passing out, happened suddenly.",HIGH,Emergency/Critical
"high fevr of 103F for three days with persistent shivering and body aches, for about 3 days now.",MEDIUM,Urgent/Physician_Consult
"feeling completely overwhelmed and having active thoughts of suicide, right now.",HIGH,Emergency/Critical
feeling completely overwhelmed and having active thoughts of suicide,HIGH,Emergency/Critical
"Patient reports fell down stairs and wrist is swollen, deformed and very painful to touch.",MEDIUM,Urgent/Physician_Consult
"slight cough for two days, no shortness of breath, no fever",LOW,NonUrgent/SelfCare
mild sunburn on shoulders from being at the beach yesterday,LOW,NonUrgent/SelfCare
"sudden heavy pressure on chest and cannot catch my breath, getting progressively worse.",HIGH,Emergency/Critical
My husband sudden central chesst tightness accompanied by severe dizziness.,HIGH,Emergency/Critical
feeling completely overwhelmed and having active thoughts of suicide,HIGH,Emergency/Critical
slight dry scratchy throat and clear nasal discharge,LOW,NonUrgent/SelfCare
"sudden paralysis in right arm and unable to move my leg, getting progressively worse.",HIGH,Emergency/Critical
"felt a bit tired today, denies any breathing problems or heart palpitations",LOW,NonUrgent/SelfCare
mild congestion in nose and occasional dry cough,LOW,NonUrgent/SelfCare
Suddenly I struggling to inhale and feeling dizzy from lack of oxygen.,HIGH,Emergency/Critical
mild headache but no chest pain and no dizziness,LOW,NonUrgent/SelfCare
"Just experiencing felt a bit tired today, denies any breathing problems or heart palpitations.",LOW,NonUrgent/SelfCare
"common cold symptoms, stuffy nose and mild sneezing",LOW,NonUrgent/SelfCare
sudden worst headache of my life like a thunderclap,HIGH,Emergency/Critical
"intense flank pain radiating to groin when passing urine, for about 3 days now.",MEDIUM,Urgent/Physician_Consult
Just experiencing mild neck stiffness from sleeping in an awkward position.,LOW,NonUrgent/SelfCare
"severe burning sensation in stomach accompanied by repeated vomiting, for about 3 days now.",MEDIUM,Urgent/Physician_Consult
"fell down stairs and wrist is swollen, deformed and very painful to touch, for the past 2 days.",MEDIUM,Urgent/Physician_Consult
I intense squeezing pressure in my chesst with cold sweats.,HIGH,Emergency/Critical
"face is drooping on the right side and speech is completely slurred, getting progressively worse.",HIGH,Emergency/Critical
I am severe chest pain like an elephant sitting on my chest.,HIGH,Emergency/Critical
My mother feeling completely overwhelmed and having active thoughts of suicide.,HIGH,Emergency/Critical
My wife coughing up large amounts of bright red blood.,HIGH,Emergency/Critical
I have small paper cut on thumb that stopped bleeding immediately.,LOW,NonUrgent/SelfCare
"allergic reaction to medication with full body hives and wheezing, for the last hour.",HIGH,Emergency/Critical
"gasping for air and inhaler is not working at all, happened suddenly.",HIGH,Emergency/Critical
"sharp pain in lower right side of abdomen that hurts more when pressed, getting somewhat uncomfortable.",MEDIUM,Urgent/Physician_Consult
"earache with thick yellow fluid draining from the ear canal, since yesterday morning.",MEDIUM,Urgent/Physician_Consult
"Patient severe allergic reaction, throat is sweling shut after peanut exposure.",HIGH,Emergency/Critical
Patient reports intense knee pain with swelling and locking after a sports injury.,MEDIUM,Urgent/Physician_Consult
minor ache in shoulder after carrying heavy groceries,LOW,NonUrgent/SelfCare
small paper cut on thumb that stopped bleeding immediately,LOW,NonUrgent/SelfCare
small pimple on chin that is slightly tender,LOW,NonUrgent/SelfCare
frequent painful urination and urine appears cloudy with pink tint,MEDIUM,Urgent/Physician_Consult
My mother sharp chest pain with numbness in left fingers and sweating.,HIGH,Emergency/Critical
Dealing with mild sunburn on shoulders from being at the beach yesterday.,LOW,NonUrgent/SelfCare
shivering chills with persistent temperature and severe sweating at night,MEDIUM,Urgent/Physician_Consult
blood sugar monitor reading 320 mg/dL with extreme thirst and frequent urination,MEDIUM,Urgent/Physician_Consult
severe burning sensation in stomach accompanied by repeated vomitting for the past 2 days.,MEDIUM,Urgent/Physician_Consult
throbbing migraine hedache for 48 hours with severe sensitivity to light and vomitting,MEDIUM,Urgent/Physician_Consult
slight stomach upset without any vomiting and without high fever,LOW,NonUrgent/SelfCare
mild fatigue after working long hours this week,LOW,NonUrgent/SelfCare
"intense knee pain with swelling and locking after a sports injury, for about 3 days now.",MEDIUM,Urgent/Physician_Consult
My husband heart is racing at 160 bpm and I feel like passing out.,HIGH,Emergency/Critical
sharp chest pain with numbness in left fingers and sweating,HIGH,Emergency/Critical
Patient having continuous seizures and shaking uncontrollably for 5 minutes.,HIGH,Emergency/Critical
Note: minor bruise on shin from bumping into the coffee table.,LOW,NonUrgent/SelfCare
uncontrolled bleeding from open wound after severe trauma,HIGH,Emergency/Critical
small paper cut on thumb that stopped bleeding immediately,LOW,NonUrgent/SelfCare
sudden worst headache of my life like a thunderclap,HIGH,Emergency/Critical
I am spurting arterial bleeding from deep leg laceration that will not stop.,HIGH,Emergency/Critical
My mother collapsed to the floor and passed out cold for 2 minutes.,HIGH,Emergency/Critical
sharp pain in lower right side of abdomen that hurts more when pressed,MEDIUM,Urgent/Physician_Consult
uncontrolled bleeding from open wound after severe trauma,HIGH,Emergency/Critical
feeling completely overwhelmed and having active thoughts of suicide,HIGH,Emergency/Critical
"shivering chills with persistent temperature and severe sweating at night, since yesterday morning.",MEDIUM,Urgent/Physician_Consult
Patient reports earache with thick yellow fluid draining from the ear canal.,MEDIUM,Urgent/Physician_Consult
collapsed to the floor and passed out cold for 2 minutes,HIGH,Emergency/Critical
"severe allergic reaction, throat is swelling shut after peanut exposure, getting progressively worse.",HIGH,Emergency/Critical
Mild complaint: small pimple on chin that is slightly tender.,LOW,NonUrgent/SelfCare
I am severe chest pain like an elephant sitting on my chest.,HIGH,Emergency/Critical
"anaphylactic shock symptoms, tongue swollen and cannot swallow, right now.",HIGH,Emergency/Critical
having continuous seizures and shaking uncontrollably for 5 minutes,HIGH,Emergency/Critical
vomitting dark blood and severe black tarry stools,HIGH,Emergency/Critical
mild headache but no chesst pain and no dizziness,LOW,NonUrgent/SelfCare
"throbbing migraine headache for 48 hours with severe sensitivity to light and vomiting, getting somewhat uncomfortable.",MEDIUM,Urgent/Physician_Consult
burning during urination with fever and moderate lower back ache,MEDIUM,Urgent/Physician_Consult
Note: mild neck stiffness from sleeping in an awkward position.,LOW,NonUrgent/SelfCare
minor bruise on shin from bumping into the coffee table,LOW,NonUrgent/SelfCare
"feeling completely overwhelmed and having active thoughts of suicide, getting progressively worse.",HIGH,Emergency/Critical
Suddenly I coughing up large amounts of bright red blood.,HIGH,Emergency/Critical
My husband struggling to inhale and feeling dizzy from lack of oxygen.,HIGH,Emergency/Critical
"slight cough for two days, no shortness of breath, no fever",LOW,NonUrgent/SelfCare
"intense squeezing pressure in my chesst with cold sweats, started 20 minutes ago.",HIGH,Emergency/Critical
Just experiencing slight lower back soreness after doing yard work.,LOW,NonUrgent/SelfCare
sudden central chest tightness accompanied by severe dizziness,HIGH,Emergency/Critical
"high fevr of 103F for three days with persistent shivering and body aches, getting somewhat uncomfortable.",MEDIUM,Urgent/Physician_Consult
sharp pain in lower right side of abdomen that hurts more when pressed,MEDIUM,Urgent/Physician_Consult
minor ache in shoulder after carrying heavy groceries,LOW,NonUrgent/SelfCare
"severe shortness of breath, cannot speak full sentences",HIGH,Emergency/Critical
feeling tired and mild headache from lack of sleep last night,LOW,NonUrgent/SelfCare
choking sensation and throat feels like it is closing completely,HIGH,Emergency/Critical
"fever of 39C that does not break with paracetamol, feeling very weak, since yesterday morning.",MEDIUM,Urgent/Physician_Consult
"sudden severe asthma attack with extreme wheezing and suffocation, for the last hour.",HIGH,Emergency/Critical
Patient reports red swollen tender rash spreading across lower leg that feels warm to the touch.,MEDIUM,Urgent/Physician_Consult
Suddenly I having continuous seizures and shaking uncontrollably for 5 minutes.,HIGH,Emergency/Critical
small pimple on chin that is slightly tender,LOW,NonUrgent/SelfCare
"severe burning sensation in stomach accompanied by repeated vomiting, since yesterday morning.",MEDIUM,Urgent/Physician_Consult
intense flank pain radiating to groin when passing urine,MEDIUM,Urgent/Physician_Consult
mild congestion in nose and occasional dry cough,LOW,NonUrgent/SelfCare
feeling completely overwhelmed and having active thoughts of suicide,HIGH,Emergency/Critical
"feeling completely overwhelmed and having active thoughts of suicide, right now.",HIGH,Emergency/Critical
I am sudden worst hedache of my life like a thunderclap.,HIGH,Emergency/Critical
"intense squeezing pressure in my chest with cold sweats, right now.",HIGH,Emergency/Critical
Patient sudden paralysis in right arm and unable to move my leg.,HIGH,Emergency/Critical
"choking sensation and throat feels like it is closing completely, right now.",HIGH,Emergency/Critical
I am collapsed to the floor and passed out cold for 2 minutes.,HIGH,Emergency/Critical
"red swollen tender rash spreading across lower leg that feels warm to the touch, since yesterday morning.",MEDIUM,Urgent/Physician_Consult
Dealing with feeling tired and mild headache from lack of sleep last night.,LOW,NonUrgent/SelfCare
I heart is racing at 160 bpm and I feel like passing out.,HIGH,Emergency/Critical
uncontrolled bleeding from open wound after severe trauma,HIGH,Emergency/Critical
"deep cut on index finger from kitchen knife that needs stitches to close, since yesterday morning.",MEDIUM,Urgent/Physician_Consult
blood sugar monitor reading 320 mg/dL with extreme thirst and frequent urination,MEDIUM,Urgent/Physician_Consult
My wife sudden loss of vision in both eyes and extreme confusion.,HIGH,Emergency/Critical
feeling completely overwhelmed and having active thoughts of suicide,HIGH,Emergency/Critical
minor bruise on shin from bumping into the coffee table,LOW,NonUrgent/SelfCare
"sudden loss of vision in both eyes and extreme confusion, right now.",HIGH,Emergency/Critical
mild runny nose and sneezing for 2 days with no fevr,LOW,NonUrgent/SelfCare
Patient reports blood sugar monitor reading 320 mg/dl with extreme thirst and frequent urination.,MEDIUM,Urgent/Physician_Consult
"severe shortness of breath, cannot speak full sentences",HIGH,Emergency/Critical
"vomitting dark blood and severe black tarry stools, for the last hour.",HIGH,Emergency/Critical
Patient choking sensation and throat feels like it is closing completely.,HIGH,Emergency/Critical
"deep chesty productive cough with thick yellow and green mucus for 4 days, for the past 2 days.",MEDIUM,Urgent/Physician_Consult
intense knee pain with swelling and locking after a sports injury,MEDIUM,Urgent/Physician_Consult
moderate abdominal pain after eating fatty foods with nausea,MEDIUM,Urgent/Physician_Consult
"sudden paralysis in right arm and unable to move my leg, for the last hour.",HIGH,Emergency/Critical
Dealing with minor bruise on shin from bumping into the coffee table.,LOW,NonUrgent/SelfCare
"red swollen tender rash spreading across lower leg that feels warm to the touch, for the past 2 days.",MEDIUM,Urgent/Physician_Consult
Patient reports intense knee pain with swelling and locking after a sports injury.,MEDIUM,Urgent/Physician_Consult
collapsed to the floor and passed out cold for 2 minutes,HIGH,Emergency/Critical
"anaphylactic shock symptoms, tongue swollen and cannot swallow",HIGH,Emergency/Critical
I face is drooping on the right side and speech is completely slurred.,HIGH,Emergency/Critical
slight dry scratchy throat and clear nasal discharge,LOW,NonUrgent/SelfCare
"red swollen tender rash spreading across lower leg that feels warm to the touch, getting somewhat uncomfortable.",MEDIUM,Urgent/Physician_Consult
red swollen tender rash spreading across lower leg that feels warm to the touch,MEDIUM,Urgent/Physician_Consult
mild tension hedache after staring at computer screen all day,LOW,NonUrgent/SelfCare
"mild constipation for one day, no severe pain or vomitting",LOW,NonUrgent/SelfCare
feeling tired and mild headache from lack of sleep last night,LOW,NonUrgent/SelfCare
"fell down stairs and wrist is swollen, deformed and very painful to touch",MEDIUM,Urgent/Physician_Consult
"fevr of 39C that does not break with paracetamol, feeling very weak, getting somewhat uncomfortable.",MEDIUM,Urgent/Physician_Consult
I intense squeezing pressure in my chest with cold sweats.,HIGH,Emergency/Critical
"profuse bleeding after head injury and losing consciousness, right now.",HIGH,Emergency/Critical
Note: mild fatigue after working long hours this week.,LOW,NonUrgent/SelfCare
severe chest pain like an elephant sitting on my chesst,HIGH,Emergency/Critical
"intense flank pain radiating to groin when passing urine, for about 3 days now.",MEDIUM,Urgent/Physician_Consult
"My mother cannot go on, want to end my life right now.",HIGH,Emergency/Critical
"slight forehead ache after stressful workday, relieved by rest",LOW,NonUrgent/SelfCare
Patient reports persistent stomach cramping with diarrhea and nausea for over 36 hours.,MEDIUM,Urgent/Physician_Consult
My mother sudden paralysis in right arm and unable to move my leg.,HIGH,Emergency/Critical
mild tension hedache after staring at computer screen all day,LOW,NonUrgent/SelfCare
"Just experiencing slight forehead ache after stressful workday, relieved by rest.",LOW,NonUrgent/SelfCare
feeling completely overwhelmed and having active thoughts of suicide,HIGH,Emergency/Critical
"severe chest pain like an elephant sitting on my chest, right now.",HIGH,Emergency/Critical
small pimple on chin that is slightly tender,LOW,NonUrgent/SelfCare
"minor knee soreness, no swelling, no numbness, can walk easily",LOW,NonUrgent/SelfCare
face is drooping on the right side and speech is completely slurred,HIGH,Emergency/Critical
frequent painful urination and urine appears cloudy with pink tint,MEDIUM,Urgent/Physician_Consult
"fever of 39C that does not break with paracetamol, feeling very weak, for the past 2 days.",MEDIUM,Urgent/Physician_Consult
mild runny nose and sneezing for 2 days with no fevr,LOW,NonUrgent/SelfCare
My husband vomitting dark blood and severe black tarry stools.,HIGH,Emergency/Critical
"minor knee soreness, no swelling, no numbness, can walk easily",LOW,NonUrgent/SelfCare
"throbbing migraine headache for 48 hours with severe sensitivity to light and vomiting, since yesterday morning.",MEDIUM,Urgent/Physician_Consult
Patient reports frequent painful urination and urine appears cloudy with pink tint.,MEDIUM,Urgent/Physician_Consult
vomiting dark blood and severe black tarry stools,HIGH,Emergency/Critical
"earache with thick yellow fluid draining from the ear canal, for about 3 days now.",MEDIUM,Urgent/Physician_Consult
frequent painful urination and urine appears cloudy with pink tint,MEDIUM,Urgent/Physician_Consult
"Just experiencing mild tickle in throat, feeling a little run down but eating normally.",LOW,NonUrgent/SelfCare
severe burning sensation in stomach accompanied by repeated vomiting,MEDIUM,Urgent/Physician_Consult
Patient reports intense knee pain with swelling and locking after a sports injury.,MEDIUM,Urgent/Physician_Consult
"slight cough for two days, no shortness of breath, no fever",LOW,NonUrgent/SelfCare
red swollen tender rash spreading across lower leg that feels warm to the touch,MEDIUM,Urgent/Physician_Consult
Dealing with mild runny nose and sneezing for 2 days with no fever.,LOW,NonUrgent/SelfCare
mild runny nose and sneezing for 2 days with no fever,LOW,NonUrgent/SelfCare
"sharp chesst pain with numbness in left fingers and sweating, getting progressively worse.",HIGH,Emergency/Critical
"felt a bit tired today, denies any breathing problems or heart palpitations",LOW,NonUrgent/SelfCare
"fever of 39C that does not break with paracetamol, feeling very weak",MEDIUM,Urgent/Physician_Consult
mild bloating and gas after eating heavy meal with beans,LOW,NonUrgent/SelfCare
"allergic reaction to medication with full body hives and wheezing, getting progressively worse.",HIGH,Emergency/Critical
"throbbing migraine headache for 48 hours with severe sensitivity to light and vomiting, for about 3 days now.",MEDIUM,Urgent/Physician_Consult
Patient reports shivering chills with persistent temperature and severe sweating at night.,MEDIUM,Urgent/Physician_Consult
deep cut on index finger from kitchen knife that needs stitches to close,MEDIUM,Urgent/Physician_Consult
"anaphylactic shock symptoms, tongue swollen and cannot swallow",HIGH,Emergency/Critical
Patient reports high fever of 103f for three days with persistent shivering and body aches.,MEDIUM,Urgent/Physician_Consult
sore quadriceps and calf muscles after gym workout yesterday,LOW,NonUrgent/SelfCare
My husband struggling to inhale and feeling dizzy from lack of oxygen.,HIGH,Emergency/Critical
"sudden loss of vision in both eyes and extreme confusion, getting progressively worse.",HIGH,Emergency/Critical
earache with thick yellow fluid draining from the ear canal,MEDIUM,Urgent/Physician_Consult
"coughing up large amounts of bright red blood, happened suddenly.",HIGH,Emergency/Critical
small pimple on chin that is slightly tender,LOW,NonUrgent/SelfCare
"blood sugar monitor reading 320 mg/dL with extreme thirst and frequent urination, since yesterday morning.",MEDIUM,Urgent/Physician_Consult
"mild tickle in throat, feeling a little run down but eating normally",LOW,NonUrgent/SelfCare
mild bloating and gas after eating heavy meal with beans,LOW,NonUrgent/SelfCare
"mild constipation for one day, no severe pain or vomiting",LOW,NonUrgent/SelfCare
"fever of 39C that does not break with paracetamol, feeling very weak, for about 3 days now.",MEDIUM,Urgent/Physician_Consult
"sharp chest pain with numbness in left fingers and sweating, happened suddenly.",HIGH,Emergency/Critical
sudden heavy pressure on chest and cannot catch my breath,HIGH,Emergency/Critical
"red swollen tender rash spreading across lower leg that feels warm to the touch, since yesterday morning.",MEDIUM,Urgent/Physician_Consult
"My father cannot go on, want to end my life right now.",HIGH,Emergency/Critical
"severe burning sensation in stomach accompanied by repeated vomiting, for the past 2 days.",MEDIUM,Urgent/Physician_Consult
"severe allergic reaction, throat is swelling shut after peanut exposure",HIGH,Emergency/Critical
"intense flank pain radiating to groin when passing urine, getting somewhat uncomfortable.",MEDIUM,Urgent/Physician_Consult
Patient reports frequent painful urination and urine appears cloudy with pink tint.,MEDIUM,Urgent/Physician_Consult
Dealing with small paper cut on thumb that stopped bleeding immediately.,LOW,NonUrgent/SelfCare
Dealing with small pimple on chin that is slightly tender.,LOW,NonUrgent/SelfCare
sudden central chesst tightness accompanied by severe dizziness,HIGH,Emergency/Critical
severe burning sensation in stomac accompanied by repeated vomiting,MEDIUM,Urgent/Physician_Consult
burning during urination with fever and moderate lower back ache,MEDIUM,Urgent/Physician_Consult
throbbing migraine headache for 48 hours with severe sensitivity to light and vomiting,MEDIUM,Urgent/Physician_Consult
"sudden severe asthma attack with extreme wheezing and suffocation, started 20 minutes ago.",HIGH,Emergency/Critical
Patient reports red swollen tender rash spreading across lower leg that feels warm to the touch.,MEDIUM,Urgent/Physician_Consult
mild bloating and gas after eating heavy meal with beans,LOW,NonUrgent/SelfCare
Patient reports sharp pain in lower right side of abdomen that hurts more when pressed.,MEDIUM,Urgent/Physician_Consult
"high fever of 103F for three days with persistent shivering and body aches, for the past 2 days.",MEDIUM,Urgent/Physician_Consult
"choking sensation and throat feels like it is closing completely, started 20 minutes ago.",HIGH,Emergency/Critical
deep cut on index finger from kitchen knife that needs stitches to close,MEDIUM,Urgent/Physician_Consult
throbbing migraine hedache for 48 hours with severe sensitivity to light and vomiting,MEDIUM,Urgent/Physician_Consult
Just experiencing mild neck stiffness from sleeping in an awkward position.,LOW,NonUrgent/SelfCare
mild fatigue after working long hours this week,LOW,NonUrgent/SelfCare
Patient reports red swollen tender rash spreading across lower leg that feels warm to the touch.,MEDIUM,Urgent/Physician_Consult
Patient reports intense knee pain with swelling and locking after a sports injury.,MEDIUM,Urgent/Physician_Consult
Suddenly I gasping for air and inhaler is not working at all.,HIGH,Emergency/Critical
high fever of 103F for three days with persistent shivering and body aches,MEDIUM,Urgent/Physician_Consult
dry flaky itchy skin patches on elbows during dry winter weather,LOW,NonUrgent/SelfCare
My husband gasping for air and inhaler is not working at all.,HIGH,Emergency/Critical
blood sugar monitor reading 320 mg/dL with extreme thirst and frequent urination,MEDIUM,Urgent/Physician_Consult
"burning during urination with fever and moderate lower back ache, for about 3 days now.",MEDIUM,Urgent/Physician_Consult
"fevr of 39C that does not break with paracetamol, feeling very weak",MEDIUM,Urgent/Physician_Consult
"fevr of 39C that does not break with paracetamol, feeling very weak, since yesterday morning.",MEDIUM,Urgent/Physician_Consult
Patient reports sharp pain in lower right side of abdomen that hurts more when pressed.,MEDIUM,Urgent/Physician_Consult
mild congestion in nose and occasional dry coughh,LOW,NonUrgent/SelfCare
"felt a bit tired today, denies any breathin problems or heart palpitations",LOW,NonUrgent/SelfCare
"common cold symptoms, stuffy nose and mild sneezing",LOW,NonUrgent/SelfCare
slight dry scratchy throat and clear nasal discharge,LOW,NonUrgent/SelfCare
small pimple on chin that is slightly tender,LOW,NonUrgent/SelfCare
"mild tickle in throat, feeling a little run down but eating normally",LOW,NonUrgent/SelfCare
earache with thick yellow fluid draining from the ear canal,MEDIUM,Urgent/Physician_Consult
sharp chest pain with numbness in left fingers and sweating,HIGH,Emergency/Critical
Patient reports sharp pain in lower right side of abdomen that hurts more when pressed.,MEDIUM,Urgent/Physician_Consult
Patient reports deep cut on index finger from kitchen knife that needs stitches to close.,MEDIUM,Urgent/Physician_Consult
"red swollen tender rash spreading across lower leg that feels warm to the touch, for the past 2 days.",MEDIUM,Urgent/Physician_Consult
Patient reports red swollen tender rash spreading across lower leg that feels warm to the touch.,MEDIUM,Urgent/Physician_Consult
slight stomach upset without any vomiting and without high fever,LOW,NonUrgent/SelfCare
"sudden worst headache of my life like a thunderclap, started 20 minutes ago.",HIGH,Emergency/Critical
Suddenly I profuse bleeding after head injury and losing consciousness.,HIGH,Emergency/Critical
earache with thick yellow fluid draining from the ear canal,MEDIUM,Urgent/Physician_Consult
deep chesty productive cough with thick yellow and green mucus for 4 days,MEDIUM,Urgent/Physician_Consult
slight lower back soreness after doing yard work,LOW,NonUrgent/SelfCare
"persistent stomach cramping with diarrhea and nausea for over 36 hours, for the past 2 days.",MEDIUM,Urgent/Physician_Consult
burning during urination with fever and moderate lower back ache,MEDIUM,Urgent/Physician_Consult
"severe allergic reaction, throat is swelling shut after peanut exposure",HIGH,Emergency/Critical
minor ache in shoulder after carrying heavy groceries,LOW,NonUrgent/SelfCare
"sudden paralysis in right arm and unable to move my leg, right now.",HIGH,Emergency/Critical
Patient sudden central chest tightness accompanied by severe dizziness.,HIGH,Emergency/Critical
"persistent stomac cramping with diarrhea and nausea for over 36 hours, for the past 2 days.",MEDIUM,Urgent/Physician_Consult
"moderate abdominal pain after eating fatty foods with nausea, for the past 2 days.",MEDIUM,Urgent/Physician_Consult
intense knee pain with swelling and locking after a sports injury,MEDIUM,Urgent/Physician_Consult
slight dry scratchy throat and clear nasal discharge,LOW,NonUrgent/SelfCare
coughing up large amounts of bright red blood,HIGH,Emergency/Critical
slight indigestion and mild heartburn after drinking acidic coffee,LOW,NonUrgent/SelfCare
minor bruise on shin from bumping into the coffee table,LOW,NonUrgent/SelfCare
"minor knee soreness, no swelling, no numbness, can walk easily",LOW,NonUrgent/SelfCare
Patient reports frequent painful urination and urine appears cloudy with pink tint.,MEDIUM,Urgent/Physician_Consult
allergic reaction to medication with full body hives and wheezing,HIGH,Emergency/Critical
Patient reports persistent stomach cramping with diarrhea and nausea for over 36 hours.,MEDIUM,Urgent/Physician_Consult
I am heart is racing at 160 bpm and I feel like passing out.,HIGH,Emergency/Critical
"deep chesty productive cough with thick yellow and green mucus for 4 days, for about 3 days now.",MEDIUM,Urgent/Physician_Consult
"struggling to inhale and feeling dizzy from lack of oxygen, happened suddenly.",HIGH,Emergency/Critical
mild bloating and gas after eating heavy meal with beans,LOW,NonUrgent/SelfCare
Patient reports shivering chills with persistent temperature and severe sweating at night.,MEDIUM,Urgent/Physician_Consult
throbbing migraine hedache for 48 hours with severe sensitivity to light and vomiting,MEDIUM,Urgent/Physician_Consult
Dealing with mild neck stiffness from sleeping in an awkward position.,LOW,NonUrgent/SelfCare
intense flank pain radiating to groin when passing urine,MEDIUM,Urgent/Physician_Consult
severe burning sensation in stomac accompanied by repeated vomiting,MEDIUM,Urgent/Physician_Consult
mild neck stiffness from sleeping in an awkward position,LOW,NonUrgent/SelfCare
mild hedache but no chest pain and no dizzines,LOW,NonUrgent/SelfCare
My mother sudden worst hedache of my life like a thunderclap.,HIGH,Emergency/Critical
I sharp chest pain with numbness in left fingers and sweating.,HIGH,Emergency/Critical
throbbing migraine headache for 48 hours with severe sensitivity to light and vomiting,MEDIUM,Urgent/Physician_Consult
spurting arterial bleeding from deep leg laceration that will not stop,HIGH,Emergency/Critical
"deep chesty productive coughh with thick yellow and green mucus for 4 days, for about 3 days now.",MEDIUM,Urgent/Physician_Consult
Patient reports blood sugar monitor reading 320 mg/dl with extreme thirst and frequent urination.,MEDIUM,Urgent/Physician_Consult
slight stomach upset without any vomiting and without high fever,LOW,NonUrgent/SelfCare
"frequent painful urination and urine appears cloudy with pink tint, for about 3 days now.",MEDIUM,Urgent/Physician_Consult
crushing chest pain radiating down my left arm and jaw,HIGH,Emergency/Critical
Dealing with slight stomac rumbling and mild loss of appetite today.,LOW,NonUrgent/SelfCare
Patient reports intense knee pain with sweling and locking after a sports injury.,MEDIUM,Urgent/Physician_Consult
"persistent stomach cramping with diarrhea and nausea for over 36 hours, for about 3 days now.",MEDIUM,Urgent/Physician_Consult
intense knee pain with swelling and locking after a sports injury,MEDIUM,Urgent/Physician_Consult
"face is drooping on the right side and speech is completely slurred, happened suddenly.",HIGH,Emergency/Critical
deep cut on index finger from kitchen knife that needs stitches to close,MEDIUM,Urgent/Physician_Consult
"severe burning sensation in stomac accompanied by repeated vomiting, getting somewhat uncomfortable.",MEDIUM,Urgent/Physician_Consult
red swollen tender rash spreading across lower leg that feels warm to the touch,MEDIUM,Urgent/Physician_Consult
I sudden paralysis in right arm and unable to move my leg.,HIGH,Emergency/Critical
frequent painful urination and urine appears cloudy with pink tint,MEDIUM,Urgent/Physician_Consult
"fell down stairs and wrist is swollen, deformed and very painful to touch, for about 3 days now.",MEDIUM,Urgent/Physician_Consult
My father face is drooping on the right side and speech is completely slurred.,HIGH,Emergency/Critical
"twisted ankle very badly while running, swollen and cannot put any weight on it",MEDIUM,Urgent/Physician_Consult
"slight cough for two days, no shortness of breath, no fever",LOW,NonUrgent/SelfCare
Note: slight stomac upset without any vomiting and without high fever.,LOW,NonUrgent/SelfCare
"earache with thick yellow fluid draining from the ear canal, for the past 2 days.",MEDIUM,Urgent/Physician_Consult
Mild complaint: small paper cut on thumb that stopped bleeding immediately.,LOW,NonUrgent/SelfCare
Just experiencing mild tension headache after staring at computer screen all day.,LOW,NonUrgent/SelfCare
small pimple on chin that is slightly tender,LOW,NonUrgent/SelfCare
"fell down stairs and wrist is swollen, deformed and very painful to touch",MEDIUM,Urgent/Physician_Consult
severe burning sensation in stomach accompanied by repeated vomiting,MEDIUM,Urgent/Physician_Consult
sharp pain in lower right side of abdomen that hurts more when pressed,MEDIUM,Urgent/Physician_Consult
"spurting arterial bleeding from deep leg laceration that will not stop, for the last hour.",HIGH,Emergency/Critical
"felt a bit tired today, denies any breathing problems or heart palpitations",LOW,NonUrgent/SelfCare
"having continuous seizures and shaking uncontrollably for 5 minutes, for the last hour.",HIGH,Emergency/Critical
Patient reports deep chesty productive cough with thick yellow and green mucus for 4 days.,MEDIUM,Urgent/Physician_Consult
sharp pain in lower right side of abdomen that hurts more when pressed,MEDIUM,Urgent/Physician_Consult
Patient reports intense flank pain radiating to groin when passing urine.,MEDIUM,Urgent/Physician_Consult
"Patient reports fevr of 39c that does not break with paracetamol, feeling very weak.",MEDIUM,Urgent/Physician_Consult
"shivering chills with persistent temperature and severe sweating at night, since yesterday morning.",MEDIUM,Urgent/Physician_Consult
"mild constipation for one day, no severe pain or vomitting",LOW,NonUrgent/SelfCare
Just experiencing sore quadriceps and calf muscles after gym workout yesterday.,LOW,NonUrgent/SelfCare
feeling tired and mild hedache from lack of sleep last night,LOW,NonUrgent/SelfCare
Patient reports red swollen tender rash spreading across lower leg that feels warm to the touch.,MEDIUM,Urgent/Physician_Consult
slight dry scratchy throat and clear nasal discharge,LOW,NonUrgent/SelfCare
moderate abdominal pain after eating fatty foods with nausia,MEDIUM,Urgent/Physician_Consult
Patient reports earache with thick yellow fluid draining from the ear canal.,MEDIUM,Urgent/Physician_Consult
Patient reports earache with thick yellow fluid draining from the ear canal.,MEDIUM,Urgent/Physician_Consult
"My wife anaphylactic shock symptoms, tongue swollen and cannot swallow.",HIGH,Emergency/Critical
"sudden loss of vision in both eyes and extreme confusion, started 20 minutes ago.",HIGH,Emergency/Critical
face is drooping on the right side and speech is completely slurred,HIGH,Emergency/Critical
dry flaky itchy skin patches on elbows during dry winter weather,LOW,NonUrgent/SelfCare
sudden paralysis in right arm and unable to move my leg,HIGH,Emergency/Critical
"coughing up large amounts of bright red blood, happened suddenly.",HIGH,Emergency/Critical
alergic reaction to medication with full body hives and wheezing,HIGH,Emergency/Critical
earache with thick yellow fluid draining from the ear canal,MEDIUM,Urgent/Physician_Consult
"slight cough for two days, no shortness of breath, no fevr",LOW,NonUrgent/SelfCare
"minor knee soreness, no swelling, no numbness, can walk easily",LOW,NonUrgent/SelfCare
"mild constipation for one day, no severe pain or vomiting",LOW,NonUrgent/SelfCare
Suddenly I having continuous seizures and shaking uncontrollably for 5 minutes.,HIGH,Emergency/Critical
choking sensation and throat feels like it is closing completely,HIGH,Emergency/Critical
Patient reports deep cut on index finger from kitchen knife that needs stitches to close.,MEDIUM,Urgent/Physician_Consult
"red swollen tender rash spreading across lower leg that feels warm to the touch, getting somewhat uncomfortable.",MEDIUM,Urgent/Physician_Consult
"mild tickle in throat, feeling a little run down but eating normally",LOW,NonUrgent/SelfCare
"slight cough for two days, no shortness of breath, no fever",LOW,NonUrgent/SelfCare
"My wife cannot go on, want to end my life right now.",HIGH,Emergency/Critical
"struggling to inhale and feeling dizzy from lack of oxygen, getting progressively worse.",HIGH,Emergency/Critical
"minor knee soreness, no swelling, no numbness, can walk easily",LOW,NonUrgent/SelfCare
Patient reports deep chesty productive coughh with thick yellow and green mucus for 4 days.,MEDIUM,Urgent/Physician_Consult
minor ache in shoulder after carrying heavy groceries,LOW,NonUrgent/SelfCare
I have minor ache in shoulder after carrying heavy groceries.,LOW,NonUrgent/SelfCare
blood sugar monitor reading 320 mg/dL with extreme thirst and frequent urination,MEDIUM,Urgent/Physician_Consult
Mild complaint: mild neck stiffness from sleeping in an awkward position.,LOW,NonUrgent/SelfCare
Patient reports shivering chills with persistent temperature and severe sweating at night.,MEDIUM,Urgent/Physician_Consult
profuse bleeding after head injury and losing consciousness,HIGH,Emergency/Critical
"persistent stomach cramping with diarrhea and nausea for over 36 hours, for about 3 days now.",MEDIUM,Urgent/Physician_Consult
"crushing chesst pain radiating down my left arm and jaw, getting progressively worse.",HIGH,Emergency/Critical
Patient reports frequent painful urination and urine appears cloudy with pink tint.,MEDIUM,Urgent/Physician_Consult
Patient reports blood sugar monitor reading 320 mg/dl with extreme thirst and frequent urination.,MEDIUM,Urgent/Physician_Consult
mild congestion in nose and occasional dry cough,LOW,NonUrgent/SelfCare
minor ache in shoulder after carrying heavy groceries,LOW,NonUrgent/SelfCare
Patient reports moderate abdominal pain after eating fatty foods with nausea.,MEDIUM,Urgent/Physician_Consult
"sudden heavy pressure on chest and cannot catch my breath, happened suddenly.",HIGH,Emergency/Critical
moderate abdominal pain after eating fatty foods with nausea,MEDIUM,Urgent/Physician_Consult
Patient reports moderate abdominal pain after eating fatty foods with nausia,MEDIUM,Urgent/Physician_Consult
mild congestion in nose and occasional dry cough,LOW,NonUrgent/SelfCare
profuse bleeding after head injury and losing consciousness,HIGH,Emergency/Critical
"vomiting dark blood and severe black tarry stools, right now.",HIGH,Emergency/Critical
sudden paralysis in right arm and unable to move my leg,HIGH,Emergency/Critical
"slight forehead ache after stressful workday, relieved by rest",LOW,NonUrgent/SelfCare
Patient reports intense knee pain with swelling and locking after a sports injury.,MEDIUM,Urgent/Physician_Consult
"severe alergic reaction, throat is sweling shut after peanut exposure",HIGH,Emergency/Critical
mild sunburn on shoulders from being at the beach yesterday,LOW,NonUrgent/SelfCare
"sudden worst headache of my life like a thunderclap, getting progressively worse.",HIGH,Emergency/Critical
"deep chesty productive cough with thick yellow and green mucus for 4 days, getting somewhat uncomfortable.",MEDIUM,Urgent/Physician_Consult
slight stomach upset without any vomiting and without high fever,LOW,NonUrgent/SelfCare
Note: mild fatigue after working long hours this week.,LOW,NonUrgent/SelfCare
"deep cut on index finger from kitchen knife that needs stitches to close, for the past 2 days.",MEDIUM,Urgent/Physician_Consult
Suddenly I cannot breathe and lips are turning blue.,HIGH,Emergency/Critical
Patient reports deep cut on index finger from kitchen knife that needs stitches to close.,MEDIUM,Urgent/Physician_Consult
mild fatigue after working long hours this week,LOW,NonUrgent/SelfCare
My husband profuse bleeding after head injury and losing consciousness.,HIGH,Emergency/Critical
I am collapsed to the floor and passed out cold for 2 minutes.,HIGH,Emergency/Critical
"heart is racing at 160 bpm and I feel like passing out, happened suddenly.",HIGH,Emergency/Critical
"fever of 39C that does not break with paracetamol, feeling very weak",MEDIUM,Urgent/Physician_Consult
Patient reports deep chesty productive cough with thick yellow and green mucus for 4 days.,MEDIUM,Urgent/Physician_Consult
mild neck stiffness from sleeping in an awkward position,LOW,NonUrgent/SelfCare
severe burning sensation in stomach accompanied by repeated vomiting,MEDIUM,Urgent/Physician_Consult
I have mild sunburn on shoulders from being at the beach yesterday.,LOW,NonUrgent/SelfCare
mild neck stiffness from sleeping in an awkward position,LOW,NonUrgent/SelfCare
deep chesty productive cough with thick yellow and green mucus for 4 days,MEDIUM,Urgent/Physician_Consult
deep cut on index finger from kitchen knife that needs stitches to close,MEDIUM,Urgent/Physician_Consult
"I am severe shortness of breath, cannot speak full sentences.",HIGH,Emergency/Critical
Patient reports sharp pain in lower right side of abdomen that hurts more when pressed.,MEDIUM,Urgent/Physician_Consult
"Note: mild tickle in throat, feeling a little run down but eating normally.",LOW,NonUrgent/SelfCare
My father having continuous seizures and shaking uncontrollably for 5 minutes.,HIGH,Emergency/Critical
feeling completely overwhelmed and having active thoughts of suicide,HIGH,Emergency/Critical
"Note: slight cough for two days, no shortness of breath, no fever.",LOW,NonUrgent/SelfCare
"Patient reports fell down stairs and wrist is swollen, deformed and very painful to touch.",MEDIUM,Urgent/Physician_Consult
"profuse bleeding after head injury and losing consciousness, happened suddenly.",HIGH,Emergency/Critical
feeling tired and mild headache from lack of sleep last night,LOW,NonUrgent/SelfCare
Patient reports severe burning sensation in stomach accompanied by repeated vomiting.,MEDIUM,Urgent/Physician_Consult
shivering chills with persistent temperature and severe sweating at night,MEDIUM,Urgent/Physician_Consult
"slight forehead ache after stressful workday, relieved by rest",LOW,NonUrgent/SelfCare
Patient reports throbbing migraine headache for 48 hours with severe sensitivity to light and vomiting.,MEDIUM,Urgent/Physician_Consult
Patient reports persistent stomac cramping with diarrhea and nausea for over 36 hours.,MEDIUM,Urgent/Physician_Consult
moderate abdominal pain after eating fatty foods with nausea,MEDIUM,Urgent/Physician_Consult
slight lower back soreness after doing yard work,LOW,NonUrgent/SelfCare
small paper cut on thumb that stopped bleeding immediately,LOW,NonUrgent/SelfCare
"profuse bleeding after head injury and losing consciousness, for the last hour.",HIGH,Emergency/Critical
sudden heavy pressure on chest and cannot catch my breath,HIGH,Emergency/Critical
"uncontrolled bleeding from open wound after severe trauma, happened suddenly.",HIGH,Emergency/Critical
"fell down stairs and wrist is swollen, deformed and very painful to touch",MEDIUM,Urgent/Physician_Consult
mild congestion in nose and occasional dry cough,LOW,NonUrgent/SelfCare
"slight forehead ache after stressful workday, relieved by rest",LOW,NonUrgent/SelfCare
sudden heavy pressure on chest and cannot catch my breath,HIGH,Emergency/Critical
"sudden central chest tightness accompanied by severe dizziness, right now.",HIGH,Emergency/Critical
crushing chest pain radiating down my left arm and jaw,HIGH,Emergency/Critical
My husband cannot breathe and lips are turning blue.,HIGH,Emergency/Critical
"Patient reports twisted ankle very badly while running, swollen and cannot put any weight on it.",MEDIUM,Urgent/Physician_Consult
Patient reports throbbing migraine headache for 48 hours with severe sensitivity to light and vomiting.,MEDIUM,Urgent/Physician_Consult
dry flaky itchy skin patches on elbows during dry winter weather,LOW,NonUrgent/SelfCare
burning during urination with fever and moderate lower back ache,MEDIUM,Urgent/Physician_Consult
I have mild neck stiffness from sleeping in an awkward position.,LOW,NonUrgent/SelfCare
My mother gasping for air and inhaler is not working at all.,HIGH,Emergency/Critical
blood sugar monitor reading 320 mg/dL with extreme thirst and frequent urination,MEDIUM,Urgent/Physician_Consult
"fever of 39C that does not break with paracetamol, feeling very weak",MEDIUM,Urgent/Physician_Consult
sharp pain in lower right side of abdomen that hurts more when pressed,MEDIUM,Urgent/Physician_Consult
Just experiencing small pimple on chin that is slightly tender.,LOW,NonUrgent/SelfCare
Mild complaint: minor bruise on shin from bumping into the coffee table.,LOW,NonUrgent/SelfCare
earache with thick yellow fluid draining from the ear canal,MEDIUM,Urgent/Physician_Consult
mild tension headache after staring at computer screen all day,LOW,NonUrgent/SelfCare
"burning during urination with fever and moderate lower back ache, getting somewhat uncomfortable.",MEDIUM,Urgent/Physician_Consult
"spurting arterial bleeding from deep leg laceration that will not stop, started 20 minutes ago.",HIGH,Emergency/Critical
"high fever of 103F for three days with persistent shivering and body aches, for the past 2 days.",MEDIUM,Urgent/Physician_Consult
minor bruise on shin from bumping into the coffee table,LOW,NonUrgent/SelfCare
mild tension headache after staring at computer screen all day,LOW,NonUrgent/SelfCare
Patient reports moderate abdominal pain after eating fatty foods with nausea.,MEDIUM,Urgent/Physician_Consult
having continuous seizures and shaking uncontrollably for 5 minutes,HIGH,Emergency/Critical
red swollen tender rash spreading across lower leg that feels warm to the touch,MEDIUM,Urgent/Physician_Consult
earache with thick yellow fluid draining from the ear canal,MEDIUM,Urgent/Physician_Consult
"blood sugar monitor reading 320 mg/dL with extreme thirst and frequent urination, since yesterday morning.",MEDIUM,Urgent/Physician_Consult
slight indigestion and mild heartburn after drinking acidic coffee,LOW,NonUrgent/SelfCare
deep chesty productive cough with thick yellow and green mucus for 4 days,MEDIUM,Urgent/Physician_Consult
"sudden worst headache of my life like a thunderclap, right now.",HIGH,Emergency/Critical
collapsed to the floor and passed out cold for 2 minutes,HIGH,Emergency/Critical
high fever of 103F for three days with persistent shivering and body aches,MEDIUM,Urgent/Physician_Consult
"burning during urination with fevr and moderate lower back ache, for the past 2 days.",MEDIUM,Urgent/Physician_Consult
"sharp pain in lower right side of abdomen that hurts more when pressed, getting somewhat uncomfortable.",MEDIUM,Urgent/Physician_Consult
"severe alergic reaction, throat is swelling shut after peanut exposure, right now.",HIGH,Emergency/Critical
My husband face is drooping on the right side and speech is completely slurred.,HIGH,Emergency/Critical
Mild complaint: slight stomac upset without any vomiting and without high fevr,LOW,NonUrgent/SelfCare
"Dealing with common cold symptoms, stuffy nose and mild sneezing.",LOW,NonUrgent/SelfCare
mild fatigue after working long hours this week,LOW,NonUrgent/SelfCare
"red swollen tender rash spreading across lower leg that feels warm to the touch, getting somewhat uncomfortable.",MEDIUM,Urgent/Physician_Consult
burning during urination with fevr and moderate lower back ache,MEDIUM,Urgent/Physician_Consult
sharp chest pain with numbness in left fingers and sweating,HIGH,Emergency/Critical
intense flank pain radiating to groin when passing urine,MEDIUM,Urgent/Physician_Consult
mild bloating and gas after eating heavy meal with beans,LOW,NonUrgent/SelfCare
"deep cut on index finger from kitchen knife that needs stitches to close, for the past 2 days.",MEDIUM,Urgent/Physician_Consult
Patient reports sharp pain in lower right side of abdomen that hurts more when pressed.,MEDIUM,Urgent/Physician_Consult
My wife collapsed to the floor and passed out cold for 2 minutes.,HIGH,Emergency/Critical
"intense knee pain with swelling and locking after a sports injury, for the past 2 days.",MEDIUM,Urgent/Physician_Consult
minor ache in shoulder after carrying heavy groceries,LOW,NonUrgent/SelfCare
"sudden loss of vision in both eyes and extreme confusion, getting progressively worse.",HIGH,Emergency/Critical
I am sudden loss of vision in both eyes and extreme confusion.,HIGH,Emergency/Critical
I am uncontrolled bleeding from open wound after severe trauma.,HIGH,Emergency/Critical
"blood sugar monitor reading 320 mg/dL with extreme thirst and frequent urination, for about 3 days now.",MEDIUM,Urgent/Physician_Consult
"Patient reports fever of 39c that does not break with paracetamol, feeling very weak.",MEDIUM,Urgent/Physician_Consult
"moderate abdominal pain after eating fatty foods with nausea, for about 3 days now.",MEDIUM,Urgent/Physician_Consult
intense vertigo and dizziness where room is spinning constantly when I turn head,MEDIUM,Urgent/Physician_Consult
"sudden severe asthma attack with extreme wheezing and suffocation, for the last hour.",HIGH,Emergency/Critical
"I have minor knee soreness, no swelling, no numbness, can walk easily.",LOW,NonUrgent/SelfCare
Just experiencing slight lower back soreness after doing yard work.,LOW,NonUrgent/SelfCare
frequent painful urination and urine appears cloudy with pink tint,MEDIUM,Urgent/Physician_Consult
blood sugar monitor reading 320 mg/dL with extreme thirst and frequent urination,MEDIUM,Urgent/Physician_Consult
"deep cut on index finger from kitchen knife that needs stitches to close, getting somewhat uncomfortable.",MEDIUM,Urgent/Physician_Consult
"Patient reports fell down stairs and wrist is swollen, deformed and very painful to touch.",MEDIUM,Urgent/Physician_Consult
slight indigestion and mild heartburn after drinking acidic coffee,LOW,NonUrgent/SelfCare
My father spurting arterial bleeding from deep leg laceration that will not stop.,HIGH,Emergency/Critical
Patient reports earache with thick yellow fluid draining from the ear canal.,MEDIUM,Urgent/Physician_Consult
"common cold symptoms, stuffy nose and mild sneezing",LOW,NonUrgent/SelfCare
"intense squeezing pressure in my chest with cold sweats, for the last hour.",HIGH,Emergency/Critical
Dealing with slight stomach upset without any vomiting and without high fever.,LOW,NonUrgent/SelfCare
Just experiencing mild fatigue after working long hours this week.,LOW,NonUrgent/SelfCare
intense squeezing pressure in my chesst with cold sweats,HIGH,Emergency/Critical
frequent painful urination and urine appears cloudy with pink tint,MEDIUM,Urgent/Physician_Consult
"fell down stairs and wrist is swollen, deformed and very painful to touch",MEDIUM,Urgent/Physician_Consult
throbbing migraine headache for 48 hours with severe sensitivity to light and vomiting,MEDIUM,Urgent/Physician_Consult
small paper cut on thumb that stopped bleeding immediately,LOW,NonUrgent/SelfCare
gasping for air and inhaler is not working at all,HIGH,Emergency/Critical
feeling tired and mild headache from lack of sleep last night,LOW,NonUrgent/SelfCare
minor bruise on shin from bumping into the coffee table,LOW,NonUrgent/SelfCare
vomiting dark blood and severe black tarry stools,HIGH,Emergency/Critical
"intense squeezing pressure in my chest with cold sweats, happened suddenly.",HIGH,Emergency/Critical
Patient reports shivering chills with persistent temperature and severe sweating at night.,MEDIUM,Urgent/Physician_Consult
red swollen tender rash spreading across lower leg that feels warm to the touch,MEDIUM,Urgent/Physician_Consult
sudden paralysis in right arm and unable to move my leg,HIGH,Emergency/Critical
I am coughing up large amounts of bright red blood.,HIGH,Emergency/Critical
mild bloating and gas after eating heavy meal with beans,LOW,NonUrgent/SelfCare
"Patient reports fell down stairs and wrist is swollen, deformed and very painful to touch.",MEDIUM,Urgent/Physician_Consult
high fever of 103F for three days with persistent shivering and body aches,MEDIUM,Urgent/Physician_Consult
"mild tickle in throat, feeling a little run down but eating normally",LOW,NonUrgent/SelfCare
sharp pain in lower right side of abdomen that hurts more when pressed,MEDIUM,Urgent/Physician_Consult
intense flank pain radiating to groin when passing urine,MEDIUM,Urgent/Physician_Consult
My husband having continuous seizures and shaking uncontrollably for 5 minutes.,HIGH,Emergency/Critical
"severe burning sensation in stomach accompanied by repeated vomiting, since yesterday morning.",MEDIUM,Urgent/Physician_Consult
Patient reports intense knee pain with swelling and locking after a sports injury.,MEDIUM,Urgent/Physician_Consult
face is drooping on the right side and speech is completely slurred,HIGH,Emergency/Critical
severe chesst pain like an elephant sitting on my chesst,HIGH,Emergency/Critical
"sharp chest pain with numbness in left fingers and sweating, started 20 minutes ago.",HIGH,Emergency/Critical
My father sudden heavy pressure on chest and cannot catch my breath.,HIGH,Emergency/Critical
Patient reports sharp pain in lower right side of abdomen that hurts more when pressed.,MEDIUM,Urgent/Physician_Consult
My mother sharp chest pain with numbness in left fingers and sweating.,HIGH,Emergency/Critical
earache with thick yellow fluid draining from the ear canal,MEDIUM,Urgent/Physician_Consult
Patient reports blood sugar monitor reading 320 mg/dl with extreme thirst and frequent urination.,MEDIUM,Urgent/Physician_Consult
Dealing with slight stomach upset without any vomiting and without high fever.,LOW,NonUrgent/SelfCare
"profuse bleeding after head injury and losing consciousness, getting progressively worse.",HIGH,Emergency/Critical
Patient reports intense knee pain with swelling and locking after a sports injury.,MEDIUM,Urgent/Physician_Consult
sudden central chest tightness accompanied by severe dizziness,HIGH,Emergency/Critical
blood sugar monitor reading 320 mg/dL with extreme thirst and frequent urination,MEDIUM,Urgent/Physician_Consult
slight stomach upset without any vomitting and without high fever,LOW,NonUrgent/SelfCare
"intense knee pain with swelling and locking after a sports injury, for the past 2 days.",MEDIUM,Urgent/Physician_Consult
Patient reports persistent stomach cramping with diarrhea and nausia for over 36 hours.,MEDIUM,Urgent/Physician_Consult
sudden worst headache of my life like a thunderclap,HIGH,Emergency/Critical
Just experiencing slight stomach upset without any vomitting and without high fever.,LOW,NonUrgent/SelfCare
throbbing migraine headache for 48 hours with severe sensitivity to light and vomiting,MEDIUM,Urgent/Physician_Consult
deep chesty productive coughh with thick yellow and green mucus for 4 days,MEDIUM,Urgent/Physician_Consult
Mild complaint: minor bruise on shin from bumping into the coffee table.,LOW,NonUrgent/SelfCare
sharp chest pain with numbness in left fingers and sweating,HIGH,Emergency/Critical
cannot breathe and lips are turning blue,HIGH,Emergency/Critical
Patient reports high fever of 103f for three days with persistent shivering and body aches.,MEDIUM,Urgent/Physician_Consult
red swollen tender rash spreading across lower leg that feels warm to the touch,MEDIUM,Urgent/Physician_Consult
"mild constipation for one day, no severe pain or vomiting",LOW,NonUrgent/SelfCare
sudden severe asthma attack with extreme wheezing and suffocation,HIGH,Emergency/Critical
"earache with thick yellow fluid draining from the ear canal, since yesterday morning.",MEDIUM,Urgent/Physician_Consult
mild sunburn on shoulders from being at the beach yesterday,LOW,NonUrgent/SelfCare
Patient feeling completely overwhelmed and having active thoughts of suicide.,HIGH,Emergency/Critical
slight stomac rumbling and mild loss of appetite today,LOW,NonUrgent/SelfCare
"intense squeezing pressure in my chest with cold sweats, for the last hour.",HIGH,Emergency/Critical
"severe chest pain like an elephant sitting on my chest, getting progressively worse.",HIGH,Emergency/Critical
Note: minor bruise on shin from bumping into the coffee table.,LOW,NonUrgent/SelfCare
"persistent stomach cramping with diarrhea and nausea for over 36 hours, for the past 2 days.",MEDIUM,Urgent/Physician_Consult
slight stomach rumbling and mild loss of appetite today,LOW,NonUrgent/SelfCare
intense flank pain radiating to groin when passing urine,MEDIUM,Urgent/Physician_Consult
Patient reports frequent painful urination and urine appears cloudy with pink tint.,MEDIUM,Urgent/Physician_Consult
dry flaky itchy skin patches on elbows during dry winter weather,LOW,NonUrgent/SelfCare
"cannot go on, want to end my life right now",HIGH,Emergency/Critical
"shivering chills with persistent temperature and severe sweating at night, for the past 2 days.",MEDIUM,Urgent/Physician_Consult
"fever of 39C that does not break with paracetamol, feeling very weak, since yesterday morning.",MEDIUM,Urgent/Physician_Consult
"common cold symptoms, stuffy nose and mild sneezing",LOW,NonUrgent/SelfCare
dry flaky itchy skin patches on elbows during dry winter weather,LOW,NonUrgent/SelfCare
"sudden paralysis in right arm and unable to move my leg, happened suddenly.",HIGH,Emergency/Critical
"choking sensation and throat feels like it is closing completely, for the last hour.",HIGH,Emergency/Critical
sudden severe asthma attack with extreme wheezing and suffocation,HIGH,Emergency/Critical
Suddenly I gasping for air and inhaler is not working at all.,HIGH,Emergency/Critical
Note: mild bloating and gas after eating heavy meal with beans.,LOW,NonUrgent/SelfCare
Mild complaint: small paper cut on thumb that stopped bleeding immediately.,LOW,NonUrgent/SelfCare
Note: mild bloating and gas after eating heavy meal with beans.,LOW,NonUrgent/SelfCare
"Dealing with common cold symptoms, stuffy nose and mild sneezing.",LOW,NonUrgent/SelfCare
profuse bleeding after head injury and losing consciousness,HIGH,Emergency/Critical
mild congestion in nose and occasional dry cough,LOW,NonUrgent/SelfCare
Patient reports deep cut on index finger from kitchen knife that needs stitches to close.,MEDIUM,Urgent/Physician_Consult
"My husband anaphylactic shock symptoms, tongue swollen and cannot swallow.",HIGH,Emergency/Critical
My wife sudden paralysis in right arm and unable to move my leg.,HIGH,Emergency/Critical
frequent painful urination and urine appears cloudy with pink tint,MEDIUM,Urgent/Physician_Consult
"fever of 39C that does not break with paracetamol, feeling very weak, for the past 2 days.",MEDIUM,Urgent/Physician_Consult
"anaphylactic shock symptoms, tongue swollen and cannot swallow",HIGH,Emergency/Critical
dry flaky itchy skin patches on elbows during dry winter weather,LOW,NonUrgent/SelfCare
Patient reports deep cut on index finger from kitchen knife that needs stitches to close.,MEDIUM,Urgent/Physician_Consult
slight dry scratchy throat and clear nasal discharge,LOW,NonUrgent/SelfCare
"heart is racing at 160 bpm and I feel like passing out, right now.",HIGH,Emergency/Critical
"I have mild tickle in throat, feeling a little run down but eating normally.",LOW,NonUrgent/SelfCare
burning during urination with fever and moderate lower back ache,MEDIUM,Urgent/Physician_Consult
slight indigestion and mild heartburn after drinking acidic coffee,LOW,NonUrgent/SelfCare
sharp pain in lower right side of abdomen that hurts more when pressed,MEDIUM,Urgent/Physician_Consult
sore quadriceps and calf muscles after gym workout yesterday,LOW,NonUrgent/SelfCare
mild runny nose and sneezing for 2 days with no fever,LOW,NonUrgent/SelfCare
intense vertigo and dizzines where room is spinning constantly when I turn head,MEDIUM,Urgent/Physician_Consult
mild sunburn on shoulders from being at the beach yesterday,LOW,NonUrgent/SelfCare
"crushing chest pain radiating down my left arm and jaw, for the last hour.",HIGH,Emergency/Critical
shivering chills with persistent temperature and severe sweating at night,MEDIUM,Urgent/Physician_Consult
Note: mild runny nose and sneezing for 2 days with no fever.,LOW,NonUrgent/SelfCare
"sudden heavy pressure on chesst and cannot catch my breath, started 20 minutes ago.",HIGH,Emergency/Critical
"gasping for air and inhaler is not working at all, for the last hour.",HIGH,Emergency/Critical
"slight forehead ache after stressful workday, relieved by rest",LOW,NonUrgent/SelfCare
"choking sensation and throat feels like it is closing completely, getting progressively worse.",HIGH,Emergency/Critical
sore quadriceps and calf muscles after gym workout yesterday,LOW,NonUrgent/SelfCare
mild headache but no chest pain and no dizziness,LOW,NonUrgent/SelfCare
My mother severe chesst pain like an elephant sitting on my chest.,HIGH,Emergency/Critical
"anaphylactic shock symptoms, tongue swollen and cannot swallow, happened suddenly.",HIGH,Emergency/Critical
intense flank pain radiating to groin when passing urine,MEDIUM,Urgent/Physician_Consult
Patient reports frequent painful urination and urine appears cloudy with pink tint.,MEDIUM,Urgent/Physician_Consult
Note: mild headache but no chesst pain and no dizziness.,LOW,NonUrgent/SelfCare
"severe shortness of breath, cannot speak full sentences",HIGH,Emergency/Critical
"mild tickle in throat, feeling a little run down but eating normally",LOW,NonUrgent/SelfCare
small paper cut on thumb that stopped bleeding immediately,LOW,NonUrgent/SelfCare
"throbbing migraine hedache for 48 hours with severe sensitivity to light and vomiting, for the past 2 days.",MEDIUM,Urgent/Physician_Consult
"Just experiencing mild tickle in throat, feeling a little run down but eating normally.",LOW,NonUrgent/SelfCare
"face is drooping on the right side and speech is completely slurred, happened suddenly.",HIGH,Emergency/Critical
sore quadriceps and calf muscles after gym workout yesterday,LOW,NonUrgent/SelfCare
frequent painful urination and urine appears cloudy with pink tint,MEDIUM,Urgent/Physician_Consult
Patient reports intense knee pain with swelling and locking after a sports injury.,MEDIUM,Urgent/Physician_Consult
Just experiencing slight dry scratchy throat and clear nasal discharge.,LOW,NonUrgent/SelfCare
slight dry scratchy throat and clear nasal discharge,LOW,NonUrgent/SelfCare
mild fatigue after working long hours this week,LOW,NonUrgent/SelfCare
mild headache but no chest pain and no dizziness,LOW,NonUrgent/SelfCare
Just experiencing mild congestion in nose and occasional dry cough.,LOW,NonUrgent/SelfCare
moderate abdominal pain after eating fatty foods with nausia getting somewhat uncomfortable.,MEDIUM,Urgent/Physician_Consult
sudden severe asthma attack with extreme wheezing and suffocation,HIGH,Emergency/Critical
Patient reports shivering chills with persistent temperature and severe sweating at night.,MEDIUM,Urgent/Physician_Consult
deep chesty productive cough with thick yellow and green mucus for 4 days,MEDIUM,Urgent/Physician_Consult
"fell down stairs and wrist is swollen, deformed and very painful to touch",MEDIUM,Urgent/Physician_Consult
small pimple on chin that is slightly tender,LOW,NonUrgent/SelfCare
"Patient reports twisted ankle very badly while running, swollen and cannot put any weight on it.",MEDIUM,Urgent/Physician_Consult
Patient reports intense knee pain with swelling and locking after a sports injury.,MEDIUM,Urgent/Physician_Consult
"intense squeezing pressure in my chest with cold sweats, right now.",HIGH,Emergency/Critical
"common cold symptoms, stuffy nose and mild sneezing",LOW,NonUrgent/SelfCare
mild neck stiffness from sleeping in an awkward position,LOW,NonUrgent/SelfCare
My mother gasping for air and inhaler is not working at all.,HIGH,Emergency/Critical
"throbbing migraine headache for 48 hours with severe sensitivity to light and vomiting, getting somewhat uncomfortable.",MEDIUM,Urgent/Physician_Consult
Patient reports throbbing migraine headache for 48 hours with severe sensitivity to light and vomiting.,MEDIUM,Urgent/Physician_Consult
Just experiencing sore quadriceps and calf muscles after gym workout yesterday.,LOW,NonUrgent/SelfCare
sudden loss of vision in both eyes and extreme confusion,HIGH,Emergency/Critical
"slight forehead ache after stressful workday, relieved by rest",LOW,NonUrgent/SelfCare
mild headache but no chesst pain and no dizziness,LOW,NonUrgent/SelfCare
intense squeezing pressure in my chest with cold sweats,HIGH,Emergency/Critical
dry flaky itchy skin patches on elbows during dry winter weather,LOW,NonUrgent/SelfCare
sharp pain in lower right side of abdomen that hurts more when pressed,MEDIUM,Urgent/Physician_Consult
"severe shortness of breath, cannot speak full sentences, for the last hour.",HIGH,Emergency/Critical
"sudden loss of vision in both eyes and extreme confusion, getting progressively worse.",HIGH,Emergency/Critical
My husband heart is racing at 160 bpm and I feel like passing out.,HIGH,Emergency/Critical
mild congestion in nose and occasional dry cough,LOW,NonUrgent/SelfCare
My wife face is drooping on the right side and speech is completely slurred.,HIGH,Emergency/Critical
"mild tickle in throat, feeling a little run down but eating normally",LOW,NonUrgent/SelfCare
"frequent painful urination and urine appears cloudy with pink tint, for about 3 days now.",MEDIUM,Urgent/Physician_Consult
"common cold symptoms, stuffy nose and mild sneezing",LOW,NonUrgent/SelfCare
uncontrolled bleeding from open wound after severe trauma,HIGH,Emergency/Critical
Patient reports intense knee pain with swelling and locking after a sports injury.,MEDIUM,Urgent/Physician_Consult
mild congestion in nose and occasional dry cough,LOW,NonUrgent/SelfCare
deep cut on index finger from kitchen knife that needs stitches to close,MEDIUM,Urgent/Physician_Consult
"gasping for air and inhaler is not working at all, right now.",HIGH,Emergency/Critical
"collapsed to the floor and passed out cold for 2 minutes, started 20 minutes ago.",HIGH,Emergency/Critical
sore quadriceps and calf muscles after gym workout yesterday,LOW,NonUrgent/SelfCare
moderate abdominal pain after eating fatty foods with nausea,MEDIUM,Urgent/Physician_Consult
minor ache in shoulder after carrying heavy groceries,LOW,NonUrgent/SelfCare
"throbbing migraine headache for 48 hours with severe sensitivity to light and vomiting, since yesterday morning.",MEDIUM,Urgent/Physician_Consult
"I have mild tickle in throat, feeling a little run down but eating normally.",LOW,NonUrgent/SelfCare
slight indigestion and mild heartburn after drinking acidic coffee,LOW,NonUrgent/SelfCare
"My husband anaphylactic shock symptoms, tongue swollen and cannot swallow.",HIGH,Emergency/Critical
sudden paralysis in right arm and unable to move my leg,HIGH,Emergency/Critical
slight lower back soreness after doing yard work,LOW,NonUrgent/SelfCare
"spurting arterial bleeding from deep leg laceration that will not stop, happened suddenly.",HIGH,Emergency/Critical
"Just experiencing common cold symptoms, stuffy nose and mild sneezing.",LOW,NonUrgent/SelfCare
"common cold symptoms, stuffy nose and mild sneezing",LOW,NonUrgent/SelfCare
mild fatigue after working long hours this week,LOW,NonUrgent/SelfCare
My mother cannot breathe and lips are turning blue.,HIGH,Emergency/Critical
My husband profuse bleeding after head injury and losing consciousness.,HIGH,Emergency/Critical
I am feeling completely overwhelmed and having active thoughts of suicide.,HIGH,Emergency/Critical
Mild complaint: mild runny nose and sneezing for 2 days with no fever.,LOW,NonUrgent/SelfCare
slight stomac rumbling and mild loss of appetite today,LOW,NonUrgent/SelfCare
feeling completely overwhelmed and having active thoughts of suicide,HIGH,Emergency/Critical
"shivering chills with persistent temperature and severe sweating at night, since yesterday morning.",MEDIUM,Urgent/Physician_Consult
"choking sensation and throat feels like it is closing completely, started 20 minutes ago.",HIGH,Emergency/Critical
sore quadriceps and calf muscles after gym workout yesterday,LOW,NonUrgent/SelfCare
"red swollen tender rash spreading across lower leg that feels warm to the touch, since yesterday morning.",MEDIUM,Urgent/Physician_Consult
My mother face is drooping on the right side and speech is completely slurred.,HIGH,Emergency/Critical
Note: slight stomac rumbling and mild loss of appetite today.,LOW,NonUrgent/SelfCare
"mild constipation for one day, no severe pain or vomitting",LOW,NonUrgent/SelfCare
intense squeezing pressure in my chest with cold sweats,HIGH,Emergency/Critical
Patient reports throbbing migraine headache for 48 hours with severe sensitivity to light and vomiting.,MEDIUM,Urgent/Physician_Consult
mild congestion in nose and occasional dry cough,LOW,NonUrgent/SelfCare
deep chesty productive cough with thick yellow and green mucus for 4 days,MEDIUM,Urgent/Physician_Consult
mild bloating and gas after eating heavy meal with beans,LOW,NonUrgent/SelfCare
"severe shortness of breath, cannot speak full sentences",HIGH,Emergency/Critical
I have small paper cut on thumb that stopped bleeding immediately.,LOW,NonUrgent/SelfCare
"intense squeezing pressure in my chest with cold sweats, for the last hour.",HIGH,Emergency/Critical
persistent stomach cramping with diarrhea and nausea for over 36 hours,MEDIUM,Urgent/Physician_Consult
"Patient reports twisted ankle very badly while running, swollen and cannot put any weight on it.",MEDIUM,Urgent/Physician_Consult
"crushing chest pain radiating down my left arm and jaw, for the last hour.",HIGH,Emergency/Critical
sudden central chest tightness accompanied by severe dizzines,HIGH,Emergency/Critical
Patient reports high fever of 103f for three days with persistent shivering and body aches.,MEDIUM,Urgent/Physician_Consult
"I have slight forehead ache after stressful workday, relieved by rest.",LOW,NonUrgent/SelfCare
"sharp pain in lower right side of abdomen that hurts more when pressed, for about 3 days now.",MEDIUM,Urgent/Physician_Consult
"cannot breathe and lips are turning blue, started 20 minutes ago.",HIGH,Emergency/Critical
slight dry scratchy throat and clear nasal discharge,LOW,NonUrgent/SelfCare
"burning during urination with fever and moderate lower back ache, for the past 2 days.",MEDIUM,Urgent/Physician_Consult
I coughing up large amounts of bright red blood.,HIGH,Emergency/Critical
Patient cannot breathe and lips are turning blue.,HIGH,Emergency/Critical
"mild constipation for one day, no severe pain or vomiting",LOW,NonUrgent/SelfCare
My husband uncontrolled bleeding from open wound after severe trauma.,HIGH,Emergency/Critical
"severe allergic reaction, throat is swelling shut after peanut exposure, for the last hour.",HIGH,Emergency/Critical
Patient reports earache with thick yellow fluid draining from the ear canal.,MEDIUM,Urgent/Physician_Consult
My mother gasping for air and inhaler is not working at all.,HIGH,Emergency/Critical
"minor knee soreness, no swelling, no numbness, can walk easily",LOW,NonUrgent/SelfCare
deep chesty productive coughh with thick yellow and green mucus for 4 days,MEDIUM,Urgent/Physician_Consult
"sudden loss of vision in both eyes and extreme confusion, right now.",HIGH,Emergency/Critical
small paper cut on thumb that stopped bleeding immediately,LOW,NonUrgent/SelfCare
slight indigestion and mild heartburn after drinking acidic coffee,LOW,NonUrgent/SelfCare
Just experiencing feeling tired and mild headache from lack of sleep last night.,LOW,NonUrgent/SelfCare
frequent painful urination and urine appears cloudy with pink tint,MEDIUM,Urgent/Physician_Consult
Just experiencing small paper cut on thumb that stopped bleeding immediately.,LOW,NonUrgent/SelfCare
small pimple on chin that is slightly tender,LOW,NonUrgent/SelfCare
uncontrolled bleeding from open wound after severe trauma,HIGH,Emergency/Critical
Dealing with small paper cut on thumb that stopped bleeding immediately.,LOW,NonUrgent/SelfCare
"high fever of 103F for three days with persistent shivering and body aches, getting somewhat uncomfortable.",MEDIUM,Urgent/Physician_Consult
I have slight lower back soreness after doing yard work.,LOW,NonUrgent/SelfCare
choking sensation and throat feels like it is closing completely,HIGH,Emergency/Critical
crushing chest pain radiating down my left arm and jaw,HIGH,Emergency/Critical
I am sudden loss of vision in both eyes and extreme confusion.,HIGH,Emergency/Critical
My husband severe chest pain like an elephant sitting on my chest.,HIGH,Emergency/Critical
Patient reports shivering chills with persistent temperature and severe sweating at night.,MEDIUM,Urgent/Physician_Consult
mild congestion in nose and occasional dry cough,LOW,NonUrgent/SelfCare
Patient reports deep cut on index finger from kitchen knife that needs stitches to close.,MEDIUM,Urgent/Physician_Consult
I have mild sunburn on shoulders from being at the beach yesterday.,LOW,NonUrgent/SelfCare
"common cold symptoms, stuffy nose and mild sneezing",LOW,NonUrgent/SelfCare
mild runny nose and sneezing for 2 days with no fever,LOW,NonUrgent/SelfCare
I have dry flaky itchy skin patches on elbows during dry winter weather.,LOW,NonUrgent/SelfCare
Mild complaint: mild fatigue after working long hours this week.,LOW,NonUrgent/SelfCare
"Just experiencing common cold symptoms, stuffy nose and mild sneezing.",LOW,NonUrgent/SelfCare
"fell down stairs and wrist is swollen, deformed and very painful to touch",MEDIUM,Urgent/Physician_Consult
Dealing with dry flaky itchy skin patches on elbows during dry winter weather.,LOW,NonUrgent/SelfCare
"profuse bleeding after head injury and losing consciousness, for the last hour.",HIGH,Emergency/Critical
mild hedache but no chest pain and no dizziness,LOW,NonUrgent/SelfCare
Patient reports blood sugar monitor reading 320 mg/dl with extreme thirst and frequent urination.,MEDIUM,Urgent/Physician_Consult
"sharp pain in lower right side of abdomen that hurts more when pressed, getting somewhat uncomfortable.",MEDIUM,Urgent/Physician_Consult
dry flaky itchy skin patches on elbows during dry winter weather,LOW,NonUrgent/SelfCare
sore quadriceps and calf muscles after gym workout yesterday,LOW,NonUrgent/SelfCare
mild hedache but no chest pain and no dizziness,LOW,NonUrgent/SelfCare
"mild constipation for one day, no severe pain or vomiting",LOW,NonUrgent/SelfCare
Patient reports deep chesty productive cough with thick yellow and green mucus for 4 days.,MEDIUM,Urgent/Physician_Consult
"Mild complaint: mild constipation for one day, no severe pain or vomiting.",LOW,NonUrgent/SelfCare
burning during urination with fever and moderate lower back ache,MEDIUM,Urgent/Physician_Consult
Mild complaint: mild sunburn on shoulders from being at the beach yesterday.,LOW,NonUrgent/SelfCare
mild hedache but no chest pain and no dizziness,LOW,NonUrgent/SelfCare
"intense squeezing pressure in my chesst with cold sweats, right now.",HIGH,Emergency/Critical
Suddenly I gasping for air and inhaler is not working at all.,HIGH,Emergency/Critical
"slight cough for two days, no shortness of breath, no fever",LOW,NonUrgent/SelfCare
feeling tired and mild hedache from lack of sleep last night,LOW,NonUrgent/SelfCare
"twisted ankle very badly while running, swollen and cannot put any weight on it, since yesterday morning.",MEDIUM,Urgent/Physician_Consult
Mild complaint: mild runny nose and sneezing for 2 days with no fevr,LOW,NonUrgent/SelfCare
"twisted ankle very badly while running, swollen and cannot put any weight on it, for the past 2 days.",MEDIUM,Urgent/Physician_Consult
"throbbing migraine hedache for 48 hours with severe sensitivity to light and vomiting, getting somewhat uncomfortable.",MEDIUM,Urgent/Physician_Consult
"gasping for air and inhaler is not working at all, right now.",HIGH,Emergency/Critical
severe chesst pain like an elephant sitting on my chest,HIGH,Emergency/Critical
dry flaky itchy skin patches on elbows during dry winter weather,LOW,NonUrgent/SelfCare
slight indigestion and mild heartburn after drinking acidic coffee,LOW,NonUrgent/SelfCare
I have mild bloating and gas after eating heavy meal with beans.,LOW,NonUrgent/SelfCare
"Patient reports twisted ankle very badly while running, swollen and cannot put any weight on it.",MEDIUM,Urgent/Physician_Consult
"Just experiencing common cold symptoms, stuffy nose and mild sneezing.",LOW,NonUrgent/SelfCare
"burning during urination with fever and moderate lower back ache, getting somewhat uncomfortable.",MEDIUM,Urgent/Physician_Consult
"Dealing with slight coughh for two days, no shortness of breath, no fever.",LOW,NonUrgent/SelfCare
mild headache but no chest pain and no dizziness,LOW,NonUrgent/SelfCare
mild runny nose and sneezing for 2 days with no fever,LOW,NonUrgent/SelfCare
small pimple on chin that is slightly tender,LOW,NonUrgent/SelfCare
mild bloating and gas after eating heavy meal with beans,LOW,NonUrgent/SelfCare
"common cold symptoms, stuffy nose and mild sneezing",LOW,NonUrgent/SelfCare
"mild constipation for one day, no severe pain or vomiting",LOW,NonUrgent/SelfCare
mild headache but no chest pain and no dizziness,LOW,NonUrgent/SelfCare
Note: mild neck stiffness from sleeping in an awkward position.,LOW,NonUrgent/SelfCare
"burning during urination with fever and moderate lower back ache, getting somewhat uncomfortable.",MEDIUM,Urgent/Physician_Consult
sudden severe asthma attack with extreme wheezing and suffocation,HIGH,Emergency/Critical
Patient reports frequent painful urination and urine appears cloudy with pink tint.,MEDIUM,Urgent/Physician_Consult
Just experiencing mild hedache but no chest pain and no dizziness.,LOW,NonUrgent/SelfCare
"feeling completely overwhelmed and having active thoughts of suicide, for the last hour.",HIGH,Emergency/Critical
Patient reports blood sugar monitor reading 320 mg/dl with extreme thirst and frequent urination.,MEDIUM,Urgent/Physician_Consult
I am struggling to inhale and feeling dizzy from lack of oxygen.,HIGH,Emergency/Critical
Patient reports deep chesty productive cough with thick yellow and green mucus for 4 days.,MEDIUM,Urgent/Physician_Consult
Patient reports blood sugar monitor reading 320 mg/dl with extreme thirst and frequent urination.,MEDIUM,Urgent/Physician_Consult
Mild complaint: slight indigestion and mild heartburn after drinking acidic coffee.,LOW,NonUrgent/SelfCare
"frequent painful urination and urine appears cloudy with pink tint, since yesterday morning.",MEDIUM,Urgent/Physician_Consult
I vomiting dark blood and severe black tarry stools.,HIGH,Emergency/Critical
high fever of 103F for three days with persistent shivering and body aches,MEDIUM,Urgent/Physician_Consult
My wife choking sensation and throat feels like it is closing completely.,HIGH,Emergency/Critical
persistent stomach cramping with diarrhea and nausia for over 36 hours,MEDIUM,Urgent/Physician_Consult
mild runny nose and sneezing for 2 days with no fever,LOW,NonUrgent/SelfCare
Patient reports throbbing migraine headache for 48 hours with severe sensitivity to light and vomiting.,MEDIUM,Urgent/Physician_Consult
mild runny nose and sneezing for 2 days with no fever,LOW,NonUrgent/SelfCare
mild tension hedache after staring at computer screen all day,LOW,NonUrgent/SelfCare
"intense squeezing pressure in my chest with cold sweats, getting progressively worse.",HIGH,Emergency/Critical
mild headache but no chest pain and no dizziness,LOW,NonUrgent/SelfCare
My husband intense squeezing pressure in my chest with cold sweats.,HIGH,Emergency/Critical
"severe burning sensation in stomach accompanied by repeated vomiting, for about 3 days now.",MEDIUM,Urgent/Physician_Consult
My husband crushing chest pain radiating down my left arm and jaw.,HIGH,Emergency/Critical
"earache with thick yellow fluid draining from the ear canal, for about 3 days now.",MEDIUM,Urgent/Physician_Consult
Patient reports severe burning sensation in stomach accompanied by repeated vomiting.,MEDIUM,Urgent/Physician_Consult
"twisted ankle very badly while running, swollen and cannot put any weight on it, for the past 2 days.",MEDIUM,Urgent/Physician_Consult
"common cold symptoms, stuffy nose and mild sneezing",LOW,NonUrgent/SelfCare
small paper cut on thumb that stopped bleeding immediately,LOW,NonUrgent/SelfCare
"Mild complaint: felt a bit tired today, denies any breathing problems or heart palpitations.",LOW,NonUrgent/SelfCare
Patient reports red swollen tender rash spreading across lower leg that feels warm to the touch.,MEDIUM,Urgent/Physician_Consult
"common cold symptoms, stuffy nose and mild sneezing",LOW,NonUrgent/SelfCare
intense vertigo and dizziness where room is spinning constantly when I turn head,MEDIUM,Urgent/Physician_Consult
Patient sudden paralysis in right arm and unable to move my leg.,HIGH,Emergency/Critical
"severe chest pain like an elephant sitting on my chest, started 20 minutes ago.",HIGH,Emergency/Critical
"moderate abdominal pain after eating fatty foods with nausea, since yesterday morning.",MEDIUM,Urgent/Physician_Consult
earache with thick yellow fluid draining from the ear canal,MEDIUM,Urgent/Physician_Consult
I am vomiting dark blood and severe black tarry stools.,HIGH,Emergency/Critical
frequent painful urination and urine appears cloudy with pink tint,MEDIUM,Urgent/Physician_Consult
mild fatigue after working long hours this week,LOW,NonUrgent/SelfCare
"severe burning sensation in stomac accompanied by repeated vomiting, for the past 2 days.",MEDIUM,Urgent/Physician_Consult
high fever of 103F for three days with persistent shivering and body aches,MEDIUM,Urgent/Physician_Consult
heart is racing at 160 bpm and I feel like passing out,HIGH,Emergency/Critical
Note: mild congestion in nose and occasional dry coughh,LOW,NonUrgent/SelfCare
spurting arterial bleeding from deep leg laceration that will not stop,HIGH,Emergency/Critical
mild runny nose and sneezing for 2 days with no fever,LOW,NonUrgent/SelfCare
"fell down stairs and wrist is swollen, deformed and very painful to touch, for the past 2 days.",MEDIUM,Urgent/Physician_Consult
"mild tickle in throat, feeling a little run down but eating normally",LOW,NonUrgent/SelfCare
"intense knee pain with sweling and locking after a sports injury, getting somewhat uncomfortable.",MEDIUM,Urgent/Physician_Consult
"fever of 39C that does not break with paracetamol, feeling very weak",MEDIUM,Urgent/Physician_Consult
My father feeling completely overwhelmed and having active thoughts of suicide.,HIGH,Emergency/Critical
Patient reports shivering chills with persistent temperature and severe sweating at night.,MEDIUM,Urgent/Physician_Consult
slight stomach rumbling and mild loss of appetite today,LOW,NonUrgent/SelfCare
Note: mild runny nose and sneezing for 2 days with no fever.,LOW,NonUrgent/SelfCare
collapsed to the floor and passed out cold for 2 minutes,HIGH,Emergency/Critical
uncontrolled bleeding from open wound after severe trauma,HIGH,Emergency/Critical
sharp pain in lower right side of abdomen that hurts more when pressed,MEDIUM,Urgent/Physician_Consult
"intense knee pain with swelling and locking after a sports injury, since yesterday morning.",MEDIUM,Urgent/Physician_Consult
"fever of 39C that does not break with paracetamol, feeling very weak, since yesterday morning.",MEDIUM,Urgent/Physician_Consult
Patient reports deep chesty productive cough with thick yellow and green mucus for 4 days.,MEDIUM,Urgent/Physician_Consult
"severe shortness of breath, cannot speak full sentences",HIGH,Emergency/Critical
"severe allergic reaction, throat is swelling shut after peanut exposure",HIGH,Emergency/Critical
intense vertigo and dizziness where room is spinning constantly when I turn head,MEDIUM,Urgent/Physician_Consult
"severe allergic reaction, throat is sweling shut after peanut exposure, for the last hour.",HIGH,Emergency/Critical
intense knee pain with swelling and locking after a sports injury,MEDIUM,Urgent/Physician_Consult
"heart is racing at 160 bpm and I feel like passing out, getting progressively worse.",HIGH,Emergency/Critical
Mild complaint: mild runny nose and sneezing for 2 days with no fevr,LOW,NonUrgent/SelfCare
Just experiencing mild tension headache after staring at computer screen all day.,LOW,NonUrgent/SelfCare
sudden loss of vision in both eyes and extreme confusion,HIGH,Emergency/Critical
"profuse bleeding after head injury and losing consciousness, for the last hour.",HIGH,Emergency/Critical
I crushing chest pain radiating down my left arm and jaw.,HIGH,Emergency/Critical
"mild tickle in throat, feeling a little run down but eating normally",LOW,NonUrgent/SelfCare
choking sensation and throat feels like it is closing completely,HIGH,Emergency/Critical
"severe allergic reaction, throat is swelling shut after peanut exposure",HIGH,Emergency/Critical
mild neck stiffness from sleeping in an awkward position,LOW,NonUrgent/SelfCare
"high fever of 103F for three days with persistent shivering and body aches, since yesterday morning.",MEDIUM,Urgent/Physician_Consult
deep chesty productive cough with thick yellow and green mucus for 4 days,MEDIUM,Urgent/Physician_Consult
Dealing with slight stomach rumbling and mild loss of appetite today.,LOW,NonUrgent/SelfCare
"sharp chest pain with numbness in left fingers and sweating, right now.",HIGH,Emergency/Critical
"blood sugar monitor reading 320 mg/dL with extreme thirst and frequent urination, since yesterday morning.",MEDIUM,Urgent/Physician_Consult
"I have mild tickle in throat, feeling a little run down but eating normally.",LOW,NonUrgent/SelfCare
"anaphylactic shock symptoms, tongue swollen and cannot swallow, started 20 minutes ago.",HIGH,Emergency/Critical
sudden heavy pressure on chest and cannot catch my breath,HIGH,Emergency/Critical
choking sensation and throat feels like it is closing completely,HIGH,Emergency/Critical
intense vertigo and dizziness where room is spinning constantly when I turn head,MEDIUM,Urgent/Physician_Consult
"red swollen tender rash spreading across lower leg that feels warm to the touch, for about 3 days now.",MEDIUM,Urgent/Physician_Consult
"severe shortness of breath, cannot speak full sentences",HIGH,Emergency/Critical
struggling to inhale and feeling dizzy from lack of oxygen,HIGH,Emergency/Critical
gasping for air and inhaler is not working at all,HIGH,Emergency/Critical
Patient reports intense knee pain with sweling and locking after a sports injury.,MEDIUM,Urgent/Physician_Consult
"cannot breathe and lips are turning blue, for the last hour.",HIGH,Emergency/Critical
earache with thick yellow fluid draining from the ear canal,MEDIUM,Urgent/Physician_Consult
Patient reports intense vertigo and dizziness where room is spinning constantly when i turn head.,MEDIUM,Urgent/Physician_Consult
"fell down stairs and wrist is swollen, deformed and very painful to touch",MEDIUM,Urgent/Physician_Consult
My father vomiting dark blood and severe black tarry stools.,HIGH,Emergency/Critical
slight dry scratchy throat and clear nasal discharge,LOW,NonUrgent/SelfCare
blood sugar monitor reading 320 mg/dL with extreme thirst and frequent urination,MEDIUM,Urgent/Physician_Consult
Just experiencing slight lower back soreness after doing yard work.,LOW,NonUrgent/SelfCare
sudden severe asthma attack with extreme wheezing and suffocation,HIGH,Emergency/Critical
mild runny nose and sneezing for 2 days with no fever,LOW,NonUrgent/SelfCare
Patient reports intense vertigo and dizziness where room is spinning constantly when i turn head.,MEDIUM,Urgent/Physician_Consult
"persistent stomac cramping with diarrhea and nausea for over 36 hours, since yesterday morning.",MEDIUM,Urgent/Physician_Consult
"slight forehead ache after stressful workday, relieved by rest",LOW,NonUrgent/SelfCare
"mild constipation for one day, no severe pain or vomiting",LOW,NonUrgent/SelfCare
"sharp chest pain with numbness in left fingers and sweating, happened suddenly.",HIGH,Emergency/Critical
minor bruise on shin from bumping into the coffee table,LOW,NonUrgent/SelfCare
"intense vertigo and dizziness where room is spinning constantly when I turn head, for the past 2 days.",MEDIUM,Urgent/Physician_Consult
"I am cannot go on, want to end my life right now.",HIGH,Emergency/Critical
Patient reports intense knee pain with swelling and locking after a sports injury.,MEDIUM,Urgent/Physician_Consult
uncontrolled bleeding from open wound after severe trauma,HIGH,Emergency/Critical
"struggling to inhale and feeling dizzy from lack of oxygen, for the last hour.",HIGH,Emergency/Critical
Dealing with small pimple on chin that is slightly tender.,LOW,NonUrgent/SelfCare
persistent stomach cramping with diarrhea and nausea for over 36 hours,MEDIUM,Urgent/Physician_Consult
"uncontrolled bleeding from open wound after severe trauma, getting progressively worse.",HIGH,Emergency/Critical
high fever of 103F for three days with persistent shivering and body aches,MEDIUM,Urgent/Physician_Consult
mild fatigue after working long hours this week,LOW,NonUrgent/SelfCare
Dealing with slight stomach rumbling and mild loss of appetite today.,LOW,NonUrgent/SelfCare
mild congestion in nose and occasional dry cough,LOW,NonUrgent/SelfCare
Patient reports burning during urination with fever and moderate lower back ache.,MEDIUM,Urgent/Physician_Consult
coughing up large amounts of bright red blood,HIGH,Emergency/Critical
Just experiencing slight indigestion and mild heartburn after drinking acidic coffee.,LOW,NonUrgent/SelfCare
earache with thick yellow fluid draining from the ear canal,MEDIUM,Urgent/Physician_Consult
"deep cut on index finger from kitchen knife that needs stitches to close, for about 3 days now.",MEDIUM,Urgent/Physician_Consult
"Just experiencing felt a bit tired today, denies any breathing problems or heart palpitations.",LOW,NonUrgent/SelfCare
slight stomach upset without any vomitting and without high fever,LOW,NonUrgent/SelfCare
persistent stomach cramping with diarrhea and nausea for over 36 hours,MEDIUM,Urgent/Physician_Consult
My wife alergic reaction to medication with full body hives and wheezing.,HIGH,Emergency/Critical
"sudden worst headache of my life like a thunderclap, happened suddenly.",HIGH,Emergency/Critical
earache with thick yellow fluid draining from the ear canal,MEDIUM,Urgent/Physician_Consult
"gasping for air and inhaler is not working at all, for the last hour.",HIGH,Emergency/Critical
dry flaky itchy skin patches on elbows during dry winter weather,LOW,NonUrgent/SelfCare
mild fatigue after working long hours this week,LOW,NonUrgent/SelfCare
mild headache but no chest pain and no dizzines,LOW,NonUrgent/SelfCare
"common cold symptoms, stuffy nose and mild sneezing",LOW,NonUrgent/SelfCare
I am face is drooping on the right side and speech is completely slurred.,HIGH,Emergency/Critical
"Mild complaint: mild tickle in throat, feeling a little run down but eating normally.",LOW,NonUrgent/SelfCare
Patient reports shivering chills with persistent temperature and severe sweating at night.,MEDIUM,Urgent/Physician_Consult
"anaphylactic shock symptoms, tongue swollen and cannot swallow",HIGH,Emergency/Critical
Dealing with sore quadriceps and calf muscles after gym workout yesterday.,LOW,NonUrgent/SelfCare
Patient reports intense flank pain radiating to groin when passing urine.,MEDIUM,Urgent/Physician_Consult
crushing chest pain radiating down my left arm and jaw,HIGH,Emergency/Critical
"anaphylactic shock symptoms, tongue swollen and cannot swallow, right now.",HIGH,Emergency/Critical
Patient sudden central chest tightness accompanied by severe dizziness.,HIGH,Emergency/Critical
I collapsed to the floor and passed out cold for 2 minutes.,HIGH,Emergency/Critical
My wife severe chest pain like an elephant sitting on my chest.,HIGH,Emergency/Critical
intense vertigo and dizziness where room is spinning constantly when I turn head,MEDIUM,Urgent/Physician_Consult
crushing chest pain radiating down my left arm and jaw,HIGH,Emergency/Critical
"fell down stairs and wrist is swollen, deformed and very painful to touch",MEDIUM,Urgent/Physician_Consult
"vomiting dark blood and severe black tarry stools, for the last hour.",HIGH,Emergency/Critical
sharp chest pain with numbness in left fingers and sweating,HIGH,Emergency/Critical
slight stomach upset without any vomiting and without high fever,LOW,NonUrgent/SelfCare
slight indigestion and mild heartburn after drinking acidic coffee,LOW,NonUrgent/SelfCare
frequent painful urination and urine appears cloudy with pink tint,MEDIUM,Urgent/Physician_Consult
I have mild headache but no chest pain and no dizziness.,LOW,NonUrgent/SelfCare
"Patient reports fell down stairs and wrist is swollen, deformed and very painful to touch.",MEDIUM,Urgent/Physician_Consult
"red swollen tender rash spreading across lower leg that feels warm to the touch, getting somewhat uncomfortable.",MEDIUM,Urgent/Physician_Consult
"felt a bit tired today, denies any breathing problems or heart palpitations",LOW,NonUrgent/SelfCare
I am allergic reaction to medication with full body hives and wheezing.,HIGH,Emergency/Critical
"Mild complaint: minor knee soreness, no swelling, no numbness, can walk easily.",LOW,NonUrgent/SelfCare
Patient reports intense flank pain radiating to groin when passing urine.,MEDIUM,Urgent/Physician_Consult
"Patient reports fevr of 39c that does not break with paracetamol, feeling very weak.",MEDIUM,Urgent/Physician_Consult
sudden heavy pressure on chest and cannot catch my breath,HIGH,Emergency/Critical
Dealing with minor bruise on shin from bumping into the coffee table.,LOW,NonUrgent/SelfCare
"fell down stairs and wrist is swollen, deformed and very painful to touch, since yesterday morning.",MEDIUM,Urgent/Physician_Consult
Patient reports earache with thick yellow fluid draining from the ear canal.,MEDIUM,Urgent/Physician_Consult
mild headache but no chest pain and no dizziness,LOW,NonUrgent/SelfCare
mild runny nose and sneezing for 2 days with no fever,LOW,NonUrgent/SelfCare
spurting arterial bleeding from deep leg laceration that will not stop,HIGH,Emergency/Critical
"deep cut on index finger from kitchen knife that needs stitches to close, getting somewhat uncomfortable.",MEDIUM,Urgent/Physician_Consult
I am coughing up large amounts of bright red blood.,HIGH,Emergency/Critical
Mild complaint: minor ache in shoulder after carrying heavy groceries.,LOW,NonUrgent/SelfCare
"deep cut on index finger from kitchen knife that needs stitches to close, since yesterday morning.",MEDIUM,Urgent/Physician_Consult
Patient reports sharp pain in lower right side of abdomen that hurts more when pressed.,MEDIUM,Urgent/Physician_Consult
face is drooping on the right side and speech is completely slurred,HIGH,Emergency/Critical
"gasping for air and inhaler is not working at all, getting progressively worse.",HIGH,Emergency/Critical
small pimple on chin that is slightly tender,LOW,NonUrgent/SelfCare
gasping for air and inhaler is not working at all,HIGH,Emergency/Critical
"high fever of 103F for three days with persistent shivering and body aches, for about 3 days now.",MEDIUM,Urgent/Physician_Consult
My father sudden paralysis in right arm and unable to move my leg.,HIGH,Emergency/Critical
Patient reports deep chesty productive cough with thick yellow and green mucus for 4 days.,MEDIUM,Urgent/Physician_Consult
"burning during urination with fever and moderate lower back ache, getting somewhat uncomfortable.",MEDIUM,Urgent/Physician_Consult
"intense squeezing pressure in my chest with cold sweats, for the last hour.",HIGH,Emergency/Critical
Patient reports deep cut on index finger from kitchen knife that needs stitches to close.,MEDIUM,Urgent/Physician_Consult
Just experiencing slight stomach rumbling and mild loss of appetite today.,LOW,NonUrgent/SelfCare
mild fatigue after working long hours this week,LOW,NonUrgent/SelfCare
"anaphylactic shock symptoms, tongue swollen and cannot swallow",HIGH,Emergency/Critical
severe burning sensation in stomach accompanied by repeated vomiting,MEDIUM,Urgent/Physician_Consult
minor ache in shoulder after carrying heavy groceries,LOW,NonUrgent/SelfCare
I have mild headache but no chesst pain and no dizziness.,LOW,NonUrgent/SelfCare
vomiting dark blood and severe black tarry stools,HIGH,Emergency/Critical
"mild constipation for one day, no severe pain or vomiting",LOW,NonUrgent/SelfCare
Patient reports intense knee pain with swelling and locking after a sports injury.,MEDIUM,Urgent/Physician_Consult
Patient reports blood sugar monitor reading 320 mg/dl with extreme thirst and frequent urination.,MEDIUM,Urgent/Physician_Consult
"minor knee soreness, no swelling, no numbness, can walk easily",LOW,NonUrgent/SelfCare
sudden heavy pressure on chest and cannot catch my breath,HIGH,Emergency/Critical
"slight coughh for two days, no shortness of breath, no fever",LOW,NonUrgent/SelfCare
"alergic reaction to medication with full body hives and wheezing, getting progressively worse.",HIGH,Emergency/Critical
"intense vertigo and dizziness where room is spinning constantly when I turn head, getting somewhat uncomfortable.",MEDIUM,Urgent/Physician_Consult
Suddenly I gasping for air and inhaler is not working at all.,HIGH,Emergency/Critical
"having continuous seizures and shaking uncontrollably for 5 minutes, for the last hour.",HIGH,Emergency/Critical
"mild tickle in throat, feeling a little run down but eating normally",LOW,NonUrgent/SelfCare
"intense vertigo and dizziness where room is spinning constantly when I turn head, for the past 2 days.",MEDIUM,Urgent/Physician_Consult
slight indigestion and mild heartburn after drinking acidic coffee,LOW,NonUrgent/SelfCare
high fever of 103F for three days with persistent shivering and body aches,MEDIUM,Urgent/Physician_Consult
"high fever of 103F for three days with persistent shivering and body aches, for about 3 days now.",MEDIUM,Urgent/Physician_Consult
high fever of 103F for three days with persistent shivering and body aches,MEDIUM,Urgent/Physician_Consult
throbbing migraine headache for 48 hours with severe sensitivity to light and vomitting,MEDIUM,Urgent/Physician_Consult
small paper cut on thumb that stopped bleeding immediately,LOW,NonUrgent/SelfCare
Patient reports deep chesty productive cough with thick yellow and green mucus for 4 days.,MEDIUM,Urgent/Physician_Consult
